OJO NO USAR ESTE,referencias ,,,PEDIDO SUR ,PEDIDO NORTE,,INVENT SUR mar 21,INVENT NTE ,FECHA VCMTO,PRECIO COMPRA,     precio venta ,IVA,PRECIO MALTERO,%,VR PEDIDO 
abre bocas Umbrella,,,,0,0,Pluss Dent GAB VEL,0,0,,$11.053,$15.000,,,"0,36",$0
Abreboca  manual gancho DOBLE EXTREMO NEGRO,,,,0,0,IMPORTADA,,8,, $8.746,$30.000,19,,"2,43",$0
Abreboca  manual gancho DOBLE EXTREMO TRANSPARENTE,,,,0,0,IMPORTADA,,50,,$3.924,$30.000,,,"6,65",$0
Abreboca  manual gancho PEQUEÑO,,,,0,0,IMPORTADA,,100,,$1.712,$10.000,,,"4,84",$0
Abreboca AZUL Y ROJO AMARILLO,,,,0,0,ELVER LOZANO BOGOTA,,rojo 1 azul 1,,$4.500,$12.000,,,"1,67",$0
abreboca Con retractor adulto   ,,,,0,0,UPEGUI ,,BLANCO 43 NEGRO 10,,$16.900,$24.000,,,"0,42",$0
abreboca Con retractor PEDIATRICO ,,,,0,0,UPEGUI,,20,,$16.900,$24.000,,,"0,42",$0
Abreboca manual gancho GRANDE,,,,0,0,IMPORTADA,,50,, $1.427,$10.000,,,"6,01",$0
Abreboca sencillo adulto ,OXXI $ 11067 NISSI $7556,,,20,20,OXXI NISSI,,88,,$2.213,$8.000,,,"2,61",$44.268
Abreboca sencillo niño,OXXI $ 11067 NISSI $7557,,,10,0,OXXI NISSI,,26,,$2.213,$8.000,,,"2,61",$0
abreboca sin retractor ,,,,0,0,UPEGUI,,10,,$16.900,$24.000,,,"0,42",$0
abrebocas aclaramiento tipo optragate,,,,0,0,IMPORTADA,,58,,$4.602,$12.000,,,"1,61",$0
Accufilm Papel de articular  aqua film x 280 tiras,,,,0,0,La muela miguel,,1,,$325,$800,,,"1,46",$0
Accufilm Papel de articular CIRENE aqua film x 280 tiras,,,,0,0,La muela miguel,,,,$65.000,$105.000,,$90.000,"0,62",$0
Aceite 3 en 1 ,,,,0,,CENTRO HOYOSTOOL,,,,$3.808,$6.000,,,"0,58",$0
aceite lubricante - pieza de mano Dental handpiece 300ml,,,,0,0,DTM,,,,$28.000,$48.000,,$38.000,"0,71",
aceite lubricante - pieza de mano Dental handpiece 550ml,,,,0,0,DTM,,,,$35.000,$54.000,,$44.000,"0,54",
aceite lubricante - pieza de mano PANASPRAY PLUS NSK 480ML,NSK,,,0,0,LA MUELA,,10,03-2025,$145.000,$178.000,,$168.000,"0,23",$0
aceite lubricante - pieza de mano WYH 400ML ,euro $96250,,,,,MASDENTAL EURODENT,,0,,$116.000,$145.000,,$120.000,"0,25",$0
Aceite lubricante Bendechk 300ml,,,,0,0,makrodent DTM,,,,$35.000,$48.000,,,"0,37",$0
aceite lubricante de piezas digixpray 240ml,,,,0,0,muela,,,,$24.850,$48.000,iva ,$34.000,,
Aceite lubricante en Spray 200 ml- KAVO,,AGOTADO,,0,0,Pluss Dent GAB VEL,0,0,,$49.504,$65.000,,,"0,31",$0
aceite lubricante pequeño - pieza de mano 50 ml,,,,0,,RAMON,,,,$7.400,$12.000,,,"0,62",$0
Aceite lubricante Quiruspray 200 cc - pieza de mano,ramon $29.500 aquiles $24.871,,,0,,RAMON AQUILES,,,,$29.500,$39.000,,,"0,32",$0
Aceite lubricante Universal en Spray 250 ml- Adensys,,,,0,0,Pluss Dent GAB VEL,0,10,06-2026,$60.095,$76.000,,$65.000,"0,26",$0
Aceite LUBRICANTE X200 ML Maquira,,,,0,0,SOCCIDENTALES,,0,06-2026,$30.940,$55.000,,,"0,78",#REF!
Aceite super lubry 50ml,,,,0,0,AQUILES ,,0,06-2026,$7.500,$12.000,,,"0,60",$0
acetato lamina rosada 0.6,,,,0,,RAMON,,,,$1.800,$3.500,,,"0,94",$0
acetato rigido ACE,,,,0,,RAMON,,,,$6.400,$9.000,,,"0,41",$0
acido clorhidrico removedor de manchas opalustre FGM whiteness RM 6%,"antioq $95200 soccid $ 80,206 plus $79968",,,0,0,FGM soccident,,0,03-2026,$95.200,$145.000,,,"0,52",$0
Acido desmineralizante 2.5 coltene,ACIDO,,,0,0,Ultradental ,,0,,$10.868,$18.000,,,"0,66",$0
acido desmineralizante 2.5 Densell 12g 35%,ACIDO,,,0,0,La muela - ramon,,,04-2027,$12.000,$20.000,exc,$18.000,"0,67",$0
Acido desmineralizante 35% ultradent 1.2ml,ACIDO,,,2,0,Gabriel Vel pluss ,2,3,,$13.272,$22.000,,,"0,66",$0
acido desmineralizante 37% fosforico MAQUIRA 2.5,ACIDO,PRECIO MAYO 20,2578,0,0,RAMON CLAUDIA SOCCIDENTALES ,,,11-2025,$4.623,$13.000,EXC,,"1,81",$0
acido desmineralizante angelus 3 grs,ACIDO,,,0,0,CLAUDIA,,0,,$2.000,$10.000,,,"4,00",$0
Acido desmineralizante FGM condac 12.5 ML,ACIDO promo antoq $24375 SOCCIDEN 20825 plus20000,,,0,0,FGM soccident,,0,12-2025,$26.000,$35.000,exc,,"0,35",$0
Acido Desmineralizante proquident 10ML  jumbo,ACIDO,,,,,PROQUIDENT,,2,04-2028,$14.173,$24.000,,,"0,69",#REF!
Acido Desmineralizante Select H V ETCH 5ML Bisco ,promo $48.450 mayo/25,,,,,JULVIDENT bisco,,11,03-2027,$54.000,$68.000,EXC,,"0,26",$0
Acido desmineralizante SUPER ETCH SDI 12 gm,ACIDO,,,0,0,ABRAHAM,,6,10-2026,$33.800,$42.500,exc,,"0,26",$0
Acido desmineralizante ultra ETCH 30ml ultradent,ACIDO,,,0,0,Gabriel Vel pluss ,1,3,,$150.579,$210.000,,"tempo $150,000","0,39",$0
Acido Desmineralizante Zafira 10 ml,ACIDO,kit zafira ,,,,New Stetic,10,,revisar,$12.400,$18.000,exc,$15.000,"0,45",$0
acido fluorhidrico 10% Jeringa 2.5 ml Angelus,,,,0,0,CLAUDIA,,0,,$37.140,$46.400,,,"0,25",$0
acido fluorhidrico 10% Jeringa 2.5 ml Maquira,,,,0,0,SOCCIDENTALES CLAUDIA,,8,,$25.365,$38.000,EXC,$32.000,"0,50",$0
ACIDO FLUORHIDRICO 3ML (JERINGA) prodont ,,,,0,0,PRODONT,,5,04-2027,$27.720,$40.000,,$35.000,"0,44",$0
acido fluorhidrico 5% 3 g BM4,,,,0,0,CLAUDIA,,0,,$10.320,$30.000,,,"1,91",$0
acido fluorhidrico 5% porcelana jeringa 2.5 ml FGM,SOCCID $24514 plus $25600,,,0,0,FGM soccident,,0,01-2026,$38.080,$56.000,,,"0,47",$0
ACIDO FLUORHIDRICO 7ML (GOTERO) prodont ,,,,0,10,PRODONT,,4,07-2027,$30.651,$45.000,,$38.000,"0,47",$306.508
acido fluorhidrico 9.6% Jeringa 2 g Eufar,Aquiles $32000 ramon $32000 EUFAR $29354,,,0,0,AQUILES RAMON GABRIEL VELASQUEZ Eufar ,,,,$29.354,$45.000,,$35.000,"0,53",$0
Acido fluorhidrico grabador para porcelana ultradent,pluss $24804,,,0,0,Gabriel Vel pluss ,3,6,,$30.257,$52.000,EXC,$38.000,"0,72",$0
"Acido Fluorhidrico porcelain etch 9,5% Bisco ",promo $106.250 mayo/25,,,,,JULVIDENT bisco,,3,,$118.000,$170.000,EXC,,"0,44",$0
aclaramiento casero Clariant 16% Angelus ,,,,0,0,ABRAHAM,,3,,$19.710,$24.630,,,"0,25",$0
Aclaramiento casero OPALECENSE  x 2 JERINGAS ,,Casero,,0,0,CLAUDIA pluss dent,3,4,revisar,$45.031,$58.000,iva,,"0,29",$0
Aclaramiento casero Opalecense Go caja x 10,pluss $211.000 promo 2x 159 gabriel velasq promo x 2 155,Casero ,,1,0,CLAUDIA pluss dent ,1,2,10-2025,$211.194,$248.000,,,"0,17",$0
Aclaramiento casero Opalecense Go x unidad,,Casero ,,0,0,CLAUDIA pluss dent,0,,,$25.000,$30.000,,,"0,20",$0
Aclaramiento casero Polanight ,,,,0,0,CLAUDIA abraham,,0,,$26.900,$33.600,,,"0,25",$0
Aclaramiento casero Potenza 16% ,,Casero ,,,,New Stetic,0,,04-2026,$13.953,$22.000,,,"0,58",$0
Aclaramiento casero Potenza 22%,,Casero ,,,,New Stetic,0,,,$15.153,$22.000,,,#REF!,#REF!
Aclaramiento casero Power bleaching  bM4 16 %,,,,0,0,SOCCIDENTALES,,0,,$9.603,$20.000,,,"1,08",$0
Aclaramiento casero Power bleaching  bM4 22 %,,,,0,0,SOCCIDENTALES,,0,,$9.603,$20.000,,,"1,08",$0
Aclaramiento casero Whiteness perfect FGM 16% ,antioq $16800 promo $15000 soccid $14500 plus $15232,Casero ,,0,0,FGM soccident,,0,1/11/2025 3-2025,$16.800,$25.000,,$22.000,"0,49",$0
Aclaramiento casero Whiteness perfect FGM 22% ,antioq $16800 promo $15000 soccid $14500 plus $15232,Casero ,,0,0,FGM soccident,,0,03-2025,$16.800,$25.000,,,"0,49",$0
Aclaramiento casero withegold ,,,,0,,DORA ramon,,,,$11.700,$18.000,,,"0,54",$0
Aclaramiento consultorio AZUL HP BLUE FGM 35% JERINGA ,SOCCID 38714 plus $37334,PRECIO MAYO 20,38715,0,0,FGM soccident,,0,01-2026,$38.873,$65.000,,$48.000,"0,67",$0
Aclaramiento consultorio AZUL HP BLUE FGM 35% MINI KIT ,antioq $76160 soccid $66800,aclaramiento FGM,,0,0,FGM soccident,,,,$76.160,$100.000,,,"0,31",$0
aclaramiento consultorio Clariant 35% Angelus,,PRECIO 20 MAYO,38000,0,0,ABRAHAM,,0,,$36.130,$49.000,,,"0,36",$0
Aclaramiento consultorio FGM 35% ROJO HP,antioq $200000 promo $196350 soccid $202.300 ,aclaramiento FGM,,0,0,FGM soccident,,,FGM 1/11/2025 brasil 04-2025,$200.000,$270.000,,,"0,35",$0
Aclaramiento consultorio FGM 35% ROJO HP Mini kit ,,aclaramiento FGM,,0,0,FGM soccident,,,,$89.000,$119.000,,,"0,34",$0
Aclaramiento consultorio FGM 35% VERDE HP AUTOMIX JERINGA CONSULTORIO,,aclaramiento FGM,,0,0,FGM soccident,,,,$190.000,$220.000,,,"0,16",$0
Aclaramiento consultorio FGM 35% VERDE HP MAXX ,antioq $233240 soccid $180000  plus $208012,aclaramiento FGM,,0,0,FGM soccident,,,,$200.000,$270.000,,,"0,35",$0
Aclaramiento consultorio FGM 35% VERDE MINI KIT HP MAXX ,antioq $117096 soccid $66800,aclaramiento FGM,FGM,0,0,FGM soccident,,,,$117.096,$165.000,,,"0,41",$0
Aclaramiento consultorio OPALECENSE BOOTS + barrera gingival OPALDAM,,,,0,0,CLAUDIA pluss dent,4,0,,$115.250,$148.000,iva,,"0,28",$0
Aclaramiento consultorio OPALECENSE BOOTS 40%,compre $90200,,,1,0,CLAUDIA pluss dent,1,2,09-2025,$97.429,$125.000,iva,,"0,28",$0
Aclaramiento consultorio Pola Office + LISTO 1PCTE,,,,0,0,abraham,,0,,$141.000,$175.000,,,"0,24",$0
Aclaramiento consultorio Pola Office 3 PCTE S POLVO Y LIQUIDO ,,,,0,0,abraham,,0,,$292.000,$365.000,,,"0,25",$0
Aclaramiento consultorio pola office bulk kit,,,,2,0,abraham,,0,04-2025,$287.900,$359.800,,,"0,25",$0
"Aclaramiento consultorio Potenza 38% (1,3+0,4)",,,,,,New stetic ,0,0,8-2025,$42.000,$65.000,,,"0,55",$0
Aclaramiento consultorio Potenza 38% 1 jeringa+ Barrera 1g+ 1 frasco Neutralizador,,,,,,New stetic ,0,0,7-2025,$65.450,$88.000,,,"0,34",$0
aclaramiento HP BLUE 6 JERINGAS ,,,,0,0,,,,,,$312.000,,,,
ACONDICIONADOR DE TEJIDOS COE CONFORT LIQUIDO,GC,promo $77.700,,0,0,LA MUELA - DORA - RAMON - masdental ,,,,$80.808,$120.000,exc,$110.000,"0,49",$0
ACONDICIONADOR DE TEJIDOS COE CONFORT POLVO ,GC,,,0,0,LA MUELA - DORA - RAMON - masdental ,,,,$97.275,$130.000,exc,$120.000,"0,34",$0
ACONDICIONADOR DE TEJIDOS COE CONFORT Y COE SOFT X PORCION ,GC,,,0,0,La Muela,,,,$8.667,$20.000,,,"1,31",$0
ACONDICIONADOR DE TEJIDOS COE SOFT LIQUIDO ,GC,,,0,0,LA MUELA - DORA - RAMON - masdental ,,,,$80.808,$120.000,exc,,"0,49",$0
ACONDICIONADOR DE TEJIDOS COE SOFT POLVO,GC,,,0,0,LA MUELA - DORA - RAMON - masdental ,,,,$87.241,$120.000,exc,,"0,38",$0
ACOPLE CORDEN PARA PIEZAS UNIDAD ,,,,0,0,larry alfredo,,,,$25.000,$35.000,,,"0,40",$0
Acrilico auto 125 g JB,,,,,,New Stetic,0,15,,$18.683,$24.000,"1,19",$22.000,"0,28",$0
Acrilico auto 125 g TRANSPARENTE,,,,,,New Stetic,0,19,,$18.683,$24.000,"1,19",$22.000,"0,28",$0
Acrilico auto 125 g VR1,,,,,,New Stetic,0,15,,$18.683,$24.000,"1,19",$22.000,"0,28",$0
Acrilico auto 60 g A 3.5,,,,,,New Stetic,0,3,,$18.683,$24.000,"1,19",$21.000,"0,28",$0
Acrilico auto 60 g A0,,,,,,New Stetic,0,1,,$18.683,$24.000,"1,19",$21.000,"0,28",$0
Acrilico Auto 60 g A1,,,,,,New Stetic,0,12,,$18.683,$24.000,"1,19",$21.000,"0,28",$0
Acrilico auto 60 g A2,,,,,,New Stetic,0,7,,$18.683,$24.000,"1,19",$21.000,"0,28",$0
Acrilico auto 60 g A3,,,,,,New Stetic,0,5,,$18.683,$24.000,"1,19",$21.000,"0,28",$0
Acrilico Auto 60 g B2 ,,,,,,New Stetic,0,4,,$18.683,$24.000,"1,19",$21.000,"0,28",$0
Acrilico auto 60 g JB,,,,,,New Stetic,0,10,,$9.639,$14.000,"1,19",$12.000,"0,45",$0
Acrilico auto 60 g Transparente,,,,,,New Stetic,0,14,,$9.639,$14.000,"1,19",$12.000,"0,45",$0
Acrilico auto 60 g VR1,,,,,,New Stetic,0,7,,$9.639,$14.000,"1,19",$12.000,"0,45",$0
Acrilico auto 60 g VRX,,,,,,New Stetic,0,10,,$9.639,$14.000,"1,19",$12.000,"0,45",$0
Acrilico auto JB 500 gm,,,,,,New Stetic,0,2,1/10/2025 09-2026,$55.167,$70.000,,$64.000,"0,27",$0
Acrilico auto liquido 1000 cc,,,,,,New Stetic,0,1,05-2027,64736,$78.000,,$72.000,"0,20",$0
Acrilico auto liquido 110 ml,,,,,,New stetic,0,53,05-2027,$10.948,$15.000,$4.052,$12.000,"0,37",$0
Acrilico auto liquido 250 ml ,,,,,,New Stetic,0,6,06-2027,$18.564,$27.000,,$23.000,"0,45",$0
Acrilico auto liquido 500 cc,,,,,,New Stetic,0,3,04-2027,$34.391,$46.000,,$39.000,"0,34",$0
Acrilico AUTO liquido 55 ml ,,,,,,New Stetic,0,0,05-2027,$6.426,$11.000,$4.574,$9.000,"0,71",$0
Acrilico auto Naranja para cubeta envasado x 125gm,,,,,,New Stetic,0,,,$9.000,$12.000,,,"0,33",$0
Acrilico auto ROSADO VR1 500 g ,,,,,,New Stetic ,0,1,02-2028,$55.167,$70.000,,$64.000,"0,27",$0
Acrilico auto transparente 1000 gr,,,,,,New Stetic,0,1,,$101.745,$130.000,,,"0,28",$0
Acrilico auto transparente 500 gr,,,,,,New Stetic,0,4,04-2028,$55.167,$70.000,,$64.000,"0,27",$0
Acrilico cubetas 1Kg 1000 ml Azul veracril,,,,,,New Stetic,0,,05-2028,$56.287,$72.000,,,"0,28",$0
Acrilico cubetas 1Kg 1000 ml Naranja veracril,,,,,,New Stetic,0,1,05-2028,$56.287,$72.000,,,"0,28",$0
Acrilico termo 125 g JB,,,,,,New Stetic,0,2,,$18.683,$24.000,"1,19",$22.000,"0,28",$0
Acrilico termo 125 g Transparente,,,,,,New Stetic,0,3,,$18.683,$24.000,"1,19",$22.000,"0,28",$0
Acrilico termo 125 g VR1,,,,,,New Stetic,0,3,,$18.683,$24.000,"1,19",$22.000,"0,28",$0
Acrilico termo 60 g A 3.5,,no volver a pedir ,,,,New Stetic,0,6,,$18.683,$24.000,"1,19",$21.000,"0,28",$0
Acrilico termo 60 g A0,,,,,,New Stetic,0,3,,$18.683,$24.000,"1,19",$21.000,"0,28",$0
Acrilico termo 60 g A1,,,,,,New Stetic,0,5,,$18.683,$24.000,"1,19",$21.000,"0,28",$0
Acrilico termo 60 g A2,,,,,,New Stetic,0,3,,$18.683,$24.000,"1,19",$21.000,"0,28",$0
Acrilico termo 60 g A3,,,,,,New Stetic,0,4,,$18.683,$24.000,"1,19",$21.000,"0,28",$0
Acrilico termo 60 g B2,,no volver a pedir ,,,,New Stetic,0,6,,$18.683,$24.000,"1,19",$21.000,"0,28",$0
Acrilico termo 60 g JB,,,,,,New Stetic,0,0,,$9.639,$14.000,"1,19",$12.000,"0,45",$0
Acrilico termo 60 g transp,,,,,,New Stetic,0,7,,$9.639,$14.000,"1,19",$12.000,"0,45",$0
Acrilico termo 60 g VR1,,,,,,New Stetic,0,0,,$9.639,$14.000,"1,19",$12.000,"0,45",$0
Acrilico termo 60 g VRX,,,,sur ,,New Stetic,0,10,,$9.639,$14.000,"1,19",$12.000,"0,45",$0
Acrilico termo Jaspe JB 500 g,,,,,,New Stetic,0,1,05-2027,$55.167,$70.000,,$64.000,"0,27",$0
Acrilico termo Jaspe VR1 500 g ,,,,,,New Stetic,0,1,08-2028,$55.167,$70.000,,$64.000,"0,27",$0
Acrilico termo liquido 110 ml ,,,,,,New Stetic,0,6,,$10.948,$15.000,,,"0,37",$0
Acrilico termo liquido 250 ml ,,,,,,New Stetic,0,0,06-2028,$18.564,$27.000,,$23.000,"0,45",$0
Acrilico TERMO liquido 500 cc,,,,,,New Stetic,0,1,,$34.391,$46.000,,,"0,34",$0
Acrilico TERMO liquido 55 ml,,,,,,New Stetic,0,13,,$6.426,$11.000,,$9.000,"0,71",$0
Acrilico VR1 Alto impacto  60 ml ,,,,,,New Stetic ,0,0,,$15.470,$25.000,"1,19",$20.000,"0,62",$0
Acrilico VR1 Alto impacto 125 ml,,,,,,New Stetic ,0,0,,$29.750,$40.000,"1,19",$35.000,"0,34",$0
Activador induren lab,,,,,,EURODENT,,,,,,,,,
ADAPTADOR convertidor  DE PIEZA 2 a 4 - 4 a 2,,,,0,0,LARRY alfredo,,,,$25.000,$50.000,,,,
ADHESIVO 3M 3 gr,RAMON $78.000 DORA $90.000 GABRIEL VELASQUEZ $99800 LA MUELA $65.000,,,0,0,RAMON GABRIEL VELAZQUES LA MUELA,,,06-2026,$86.573,$110.000,,,"0,27",$0
ADHESIVO 3M 6ml,RAMON $123.600 DORA $150.000,U,,0,0,RAMON la muela,,,03-2026,$124.000,$170.000,,$150.000,"0,37",$0
ADHESIVO 3M UNIVERSAL 5 ML,,,,0,0,RAMON la muela,,,30/5/2026 03-2027,$140.000,$190.000,,$175.000,"0,36",$0
Adhesivo AMBAR FGM 4 ML  naranja,antioq $58000 soccid $ 39900,,,0,0,FGM soccident,,,10-2025,$58.000,$70.000,,,"0,21",$0
Adhesivo AMBAR MORADO FGM 6ML APS,promo antioq $67500 SOCCID $64700,,,0,0,FGM soccident,,,4-2026,$76.000,$106.000,,$88.000,"0,39",$0
Adhesivo AMBAR ROJO FGM 5 ML APS Universal,antioq $120000 soccid $74600  plus $96000,PRECIO 20 MAYO,79100,0,0,FGM soccident,,,01-2026,$100.000,$140.000,exc,,"0,40",$0
Adhesivo bond 2.1 4ml maquira ,SOCCIDEN $22000,,,0,0,SOCCIDENTALES CLAUDIA,,3,09-2025,$24.000,$44.000,exc,$38.000,"0,83",$0
Adhesivo bond 2.1 5ml maquira,,,,0,0,SOCCIDENTALES CLAUDIA,,0,,$37.840,$56.000,exc,,"0,48",$0
Adhesivo bond 2.1 6ml maquira,,,No llego 14 AB,3,0,SOCCIDENTALES CLAUDIA,,1,04-2025,$39.732,$58.000,exc,,"0,46",$0
Adhesivo coltene COAT BOND,promo nov $72348,,,0,12,ultradental,,3,1/3/2026 01-206,$87.000,$105.000,exc,$98.000,"0,21",$1.044.000
Adhesivo DE RESINA Prime Dent,cardenas $24000,,,0,,RAMON,,,,$28.000,$42.000,,$35.000,"0,50",$0
Adhesivo OptiBond FL Kerr 6ML,,,,0,0,MASDENTAL  PLUSSDENT,0,0,,$171.100,$215.000,,,"0,26",$0
Adhesivo optibond KERR,,,,0,0,Pluss Dent GAB VEL,0,0,,$144.700,$180.000,,,"0,24",$0
Adhesivo optibond KERR UNIVERSAL,,,,0,0,Pluss Dent GAB VEL,0,0,,$280.000,$364.000,,,"0,30",$0
Adhesivo OptiBond S Kerr 6ML,,,,0,0,MASDENTAL  PLUSSDENT,0,0,,$103.000,$127.000,,,"0,23",$0
Adhesivo OptiBond S Kerr 6ML,,,,0,0,MASDENTAL  PLUSSDENT,0,0,,$103.400,$138.000,,,"0,33",$0
Adhesivo palfique bond tokuyama 5ml,,,,,,julvipdent,,1,,,,,,,
ADHESIVO PARA IMPRESION CUBETA ZHERMACK (ojo fecha vencimiento lejana),euro $46565,,,,,RAMON-gabriel velasquez masdental EURODENT,,,,$48.897,$69.000,,$58.000,"0,41",$0
ADHESIVO PARA IMPRESION CUBETA ZHERMACK porcion,,,,,,RAMON-gabriel velasquez masdental EURODENT,,,,$3.450,$4.000,,,"0,16",$0
ADHESIVO PEAK UNIVERSAL 4ML,,,,0,0,GABRIEL VELASQUEZ PLUSS DENT,0,0,,$102.401,$140.000,EXC,,"0,37",$0
Adhesivo por uniporcion,,,,0,0,ABRAHAM,,0,,$5.100,$7.000,,,"0,37",$0
ADHESIVO TETRIC N BOND,,,,,,EMMA MASDENTAL  EURODENT,,0,,$119.000,$148.000,,,"0,24",$0
Adhesivo tetric N-Bond Universal ivoclar 6ML,,,,,,EMMA MASDENTAL EURODENT,,0,,$236.500,$295.000,,,"0,25",$0
ADHESIVO UNIVERSAL Solare bond 5ml,,,,0,0,La muela,,4,06-2025,$140.800,$176.000,EXC,,"0,25",$0
Adhesivo Universal Zafira 8ml,,u,,,,New Stetic,10,,09-2026,$110.000,$165.000,exc,,"0,50",$0
adseal ,,,,0,0,ABRAHAM dora,,0,,$120.000,$150.000,,,"0,25",$0
adseal porcion o Roeko x caja ,,AGOTADO,,0,,ramon gabriel ,,,,$2.915,$6.000,,,"1,06",$0
Agua desionizada por galon ,,,,,,PROQUIDENT,,1,,$12.626,$18.000,,,"0,43",$0
Agua esteril x 5 ml,,,,0,0,ALLERS,,30,05-2027,$669,$1.000,"1,19",,"0,49",$0
Agua oxigenada JGB X 120 ML,Allers $3749,,,0,0,ALLERS - CENTRO 40mil,,,,$2.859,$5.000,exc,,"0,75",$0
AGUA OXIGENADA OSA 120 ML,,,,0,,CENTRO 40mil,,,,$2.000,$4.000,,,"1,00",$0
aguja monoject CAJA X100,,,,0,0,ABRAHAM,,6,07-2027,$135.479,$170.000,,,"0,25",$0
aguja monoject unidad,,,,0,0,ABRAHAM,,0,,$1.955,$3.000,,,"0,53",$0
aguja monoject x 100,la muela unidad 1018 caja $101800 / imporq $18000 / abraham $135.500,,,0,4,abraham - IMPORQ  la muela ,,0,,$1.018,$3.000,,,"1,95",$4.072
Aguja sutura # 14  x PAQUETE,ramon $750 Aquiles $932,,,0,,RAMON AQUILES,,,,$932,$1.500,,,"0,61",$0
Aguja sutura # 15 X PAQUETE,ramon $817 Aquiles $932,,,0,,RAMON AQUILES,,,,$932,$1.500,,,"0,61",$0
Aguja sutura # 16 X paquete,ramon $750 Aquiles $932,,,0,,RAMON AQUILES,,,,$932,$1.500,,,"0,61",$0
agujas Cortas 30G - 25 MM CAJA,precio SPT/23 - La muela $22100 New Stetic $21539 $Abraham $21600 imporq 21000,,,,,abraham imporq new stetic LA MUELA,0,22,10-2028,$21.539,$32.000,"0,19",$26.000,"0,49",$0
agujas Largas 27G -  30 MM  CAJA,precio SPT/23 - La muela $22100 New Stetic $21539 $Abraham $33180 imporq 21001,,,,,abraham imporq new stetic LA MUELA,0,21,10-2028,$21.539,$32.000,@,$26.000,"0,49",$0
agujas PEDIATRICA  - 12 MM CAJA,,,,0,0,ABRAHAM,,0,,$21.600,$30.000,,,"0,39",$0
agujas PEDIATRICA Septojet - 12 MM CAJA,,,,0,0,ABRAHAM,,0,,$33.180,$42.000,,,"0,27",$0
ALAMBRE FERULA No. 0.40MM  0.014 15FT,,,,0,0,CLAUDIA DAZA,,0,,$15.920,$20.000,,,"0,26",$0
ALAMBRE FERULA No. 0.40MM  0.016 (55.01.040),,,,0,0,CLAUDIA,,0,,$12.800,$20.000,,,"0,56",$0
ALAMBRE FERULA No. 0.40MM  0.018 15 FT,,,,0,0,CLAUDIA DAZA,,0,,$15.920,$20.000,,,"0,26",$0
ALAMBRE FERULA No. 0.50MM  0.020 (55.01.050),,,,0,0,CLAUDIA,,4,,$12.800,$20.000,,,"0,56",$0
ALAMBRE LUGAD FERULA # 0.20MM 0.008  (55.01.208),,,,0,0,CLAUDIA,,0,,$12.800,$18.000,,,"0,41",$0
ALAMBRE LUGAD FERULA # 0.30 MM 0.012 (55.01.212),,,,0,0,CLAUDIA,,1,,$12.800,$18.000,,,"0,41",$0
ALAMBRE ORTODONCIA # 6 tubo x 10 (55.06.060) ,,,,0,0,DAZA CLAUDIA,,1,,$960,$2.500,,,"1,60",$0
ALAMBRE ORTODONCIA # 7 tubo x 10 (55.06.070),,,,0,0,DAZA CLAUDIA,,1,,$960,$2.500,,,"1,60",$0
ALAMBRE ORTODONCIA # 8 tubo x 10 (55.06.080),,,,0,0,DAZA CLAUDIA,,1,,$960,$2.500,,,"1,60",$0
ALAMBRE ORTODONCIA # 9 tubo x 10 (55.06.090),,,,0,0,DAZA CLAUDIA,,2,,$960,$2.500,,,"1,60",$0
ALAMBRE ORTODONCIA TRENZADO,,,,0,0,DAZA CLAUDIA,,revisar,,$980,$3.000,,,"2,06",$0
ALBODENT AL 35  % aclaramiento no vital ,,,,0,,GABRIEL VELAS- RAMON,,,,$20.800,$26.000,,,"0,25",$0
ALBUM DENTAL,,,,0,0,CLAUDIA,,1,,$18.000,$25.000,,,"0,39",$0
ALCOHOL ANTICEPTICO 120 ML,,,,0,,CENTRO 40mil,,,,$1.900,$3.000,,,"0,58",$0
ALCOHOL ANTICEPTICO 345 ML, ,,,0,,CENTRO 40mil,,,,$3.100,$5.000,,,"0,61",$0
ALCOHOL ANTICEPTICO GALON,,,,0,,CENTRO 40mil,,,,$27.500,$48.000,,,"0,75",$0
Alcohol industrial X Botella,,,,0,0,sandra milena ,,40,,$5.350,$8.500,,$7.500,"0,59",$0
Alcohol industrial X caneca,,,,0,0,sandra milena ,,40,,$3.050,$5.000,,$4.500,"0,64",$0
Alginato chromaprint premiun X 453grs,,,,0,0,ultradental,,72,06-2026,$22.852,$32.000,,$28.000,"0,40",$0
Alginato Hidrogum 5 ZHERMACK  x Lb,DORA $52000 // Masdental $52300,Alginato ,,,,DORA- RAMON masdental EURODENT,,,2 01-2029,$52.000,$62.000,,,"0,19",$0
Alginato Hidrogum unidental 25gm (20 sobres)  ,,x,,0,0,unidental ,,0,,$1.950,$3.000,,,"0,54",$0
Alginato HYGEDENT X 453grs,,,,0,0,GABRIEL VELAS,,0,,$10.500,$15.000,,,"0,43",$0
Alginato jeltrate chromatic SOBRE Dentsply,,,,0,,DORA-RAMON,,,,$1.000,$2.000,,,"1,00",$0
Alginato jeltrate chromatic X 454 GRS Dentsply,,,,0,,DORA-RAMON,,,,$13.000,$20.000,,,"0,54",$0
Alginato kromalgin x 454 g CAJA X 24,,Alginato ,,,,New Stetic,0,,02-2026,$26.775,$34.000,,$31.000,"0,27",$0
Alginato kromalgin x18 g,,,,,,New Stetic,0,,,$1.785,$3.500,,,"0,96",$0
Alginato orthoprint  X sobre 18 g PQUEÑO,,,,0,,DORA- RAMON,,,,$1.950,$3.000,,,"0,54",$0
Alginato orthoprint ZHERMACK X 500 grs,,Alginato ,,,,DORA - RAMON  EURODENT,,,4 01-2027,$43.001,$58.000,,,"0,35",$0
alginato premiun coltene libra,,,,0,0,GABRIEL VELASQUEZ,,0,,$2.000,$4.000,,,"1,00",$0
Alginato tropicalgin zhermack X 453grs,Dora $34800 masdental $36900,Alginato ,,,,DORA - RAMON EURODENT,,,04-2029,$34.800,$42.000,,,"0,21",$0
Algodon paquete  Trenzado,compre $20,,,,,New Stetic,0,20,08-2029,$23.000,$34.000,exc,$28.000,"0,48",$0
Algodon paquete Aglutinado (no trenzado) Higietex ,,,,,,New Stetic ,0,26,05-2029,$25.850,$34.000,EXC,$28.000,"0,32",$0
All Bond Adhesivo Universal Bisco ,promo $287.300 mayo/25,u,,,,JULVIDENT bisco,,25,01-2026,$318.000,$380.000,EXC,,"0,19",$0
All Bond Adhesivo Universal Bisco UNIDOSIS,,,,,,JULVIDENT bisco,,0,,$9.060,$15.000,,,"0,66",$0
ALLCEM CORE A1  PEAR CORPO DUPLO FGM,antioq $108000 soccid $100000,,,0,0,FGM soccident,,,,$100.000,$140.000,exc,$140.000,"0,40",$0
ALLCEM CORE A2  PEAR CORPO DUPLO FGM,antioq $108000 soccid $100000 ,,,0,0,FGM soccident,,,,$100.000,$140.000,exc,$140.000,"0,40",$0
ALLCEM CORE VENEER APS OW  FGM,,,FGM,0,0,FGM soccident,,,,$160.000,$230.000,,,"0,44",$0
ALLCEM CORE VENEER APS TRANS  FGM,,,FGM,0,0,FGM soccident,,,,$160.000,$230.000,,,"0,44",$0
ALVOFAR eufar,,,,0,0,RAMON-eufar,,,muy costoso no pedi,$48.744,$62.000,EXC,,"0,27",$0
AMALGAMA  1 PORC  NUALLOY ,,,,,,NEW STETIC,0,,,$1.800,$3.000,,,"0,67",$0
anestesia  TOPICA GAROCAINA ,,,,0,0,nuria,,0,,$8.900,$14.000,,,"0,57",$0
ANESTESIA Artheek   articaina blister x10,blister x 10,,,,,New Stetic,0,,06-2026,$16.400,$18.000,exc,,"0,10",$0
ANESTESIA Artheek  4% E - 100 articaina,caja x 50,"$16.400,00",,,,New Stetic,0,9,06-2026,$68.300,$82.000,exc,$75.000,"0,20",$0
ANESTESIA New caina anestesia 2 % E - 80,caja x 50,,,,,New Stetic,0,39,,$52.100,$63.000,exc,$57.000,"0,21",$0
ANESTESIA New caina anestesia 2 % E - 80 carpul de vidrio,caja x 50,,,,,New Stetic,0,,,$52.100,$63.000,exc,$57.000,"0,21",$0
ANESTESIA New caina con epinefrina blister x10,blister x 10,,,,,New Stetic,0,,,$12.600,$15.000,exc,,"0,19",$0
ANESTESIA New caina SIN EPINEFRINA caja Amarilla ,blister x 10,,,,,New Stetic,0,39,,$61.300,$72.000,exc,,"0,17",$0
ANESTESIA New caina SIN EPINEFRINA caja Amarilla blister  X 10,caja x 50,,,,,New Stetic,0,39,,$14.400,$18.000,exc,,"0,25",$0
ANESTESIA Odontocaina anestesia 3% vidrio,caja x 50,,,,,New Stetic,0,4,05-2026,$63.000,$76.000,exc,$68.000,"0,21",$0
ANESTESIA Odontocaina anestesia 3% vidrio blister x 10,blister x 10,,,,,New Stetic,0,,05-2026,$15.200,$18.000,exc,,"0,18",$0
ANESTESIA SEPTODONT  1/100.000  TTO LARGOS,,,,0,0,ABRAHAM,,10,,$74.900,$85.000,exc,,"0,13",$0
ANESTESIA SEPTODONT  1/200.000 ,,,,0,0,ABRAHAM,,5,,$74.900,$85.000,,,"0,13",$0
ANESTESIA SEPTODONT blister X 10,,,,0,0,ABRAHAM,,5,,$17.000,$20.000,,,"0,18",$0
ANESTESIA TOPICA ROXICAINA  JALEA ,,,,0,0,AQUILES RAMON,0,0,,$23.000,$34.000,,$28.000,"0,48",$0
ANESTESIA TOPICA ROXICAINA SPRAY,,,,0,0,AQUILES RAMON,0,0,,$68.000,$86.000,,$78.000,"0,26",$0
anillo #120 para colado,,,,0,,RAMON aquiles,,,,$10.710,$9.000,,,"-0,16",$0
anillo #60 para colado,,,,0,,RAMON aquiles,,,,$8.330,$8.000,,,"-0,04",$0
anillo #90 para colado,,,,0,,RAMON aquiles,,,,$9.520,$9.000,,,"-0,05",$0
Anillo para banda matriz,,,,0,0,importado,,9,,,,,,,
Apacal Art x2 jeringas,,,,0,0,SOCCIDENTALES,,3,,$45.320,$70.000,exc,,"0,54",$0
Apice,,,,0,0,IMPORTADA,,0,,$20.000,$35.000,,,"0,75",$0
aplicador de punta adhesiva goma silicona pegar x caja,,,,0,0,CLAUDIA,,0,,$17.600,$32.000,,,"0,82",$0
arco de acero cuadrado paquete x10,,,,0,0,Ivan Padilla,,0,,$4.300,$9.000,,,"1,09",$0
arco de acero rectangular paquete x10,abraham $8100 padilla $4900 ortho prof $3500,,,0,0,Ivan Padilla,,0,,$4.900,$9.000,,,"0,84",$0
arco de acero redondo paquete x10,abraham $4500 padilla $3800 ortho prof $3500,,,0,0,Ivan Padilla,,0,,$3.360,$9.000,,,"1,68",$0
ARCO ERICH (PARA MODELO) ,,,,0,,DAZA - ramon claudia,,,,$8.400,$18.000,exc,,"1,14",$0
Arco Niti rectangular paquete x10,abraham $6500 padilla $4700 ORTHO PROF $4500,,,0,0,Ivan Padilla,,0,,$6.500,$9.000,,,"0,38",$0
Arco Niti redondo paquete x10,abraham $4500 padilla $2900 ORTHO PROF $2900,,,0,0,Ivan Padilla,,0,,$3.900,$9.000,,,"1,31",$0
Aro para tarro guardian ,,,,0,0,ALLERS,,1,,$8.847,$14.000,,,"0,58",$0
Articulador BIO-ART,promo $980.000 mayo/25,,,,990630,JULVIDENT BIOART,,9,,$980.000,$1.300.000,,$1.150.000,"0,33",$970.817.400.000
ARTICULADOR de bisagra  bronce dorado,,,,0,0,AQUILES / monica - Sneider,,,,$39.270,$48.000,,,"0,22",$0
ARTICULADOR de bisagra  cromado gris,245021,,,0,0,AQUILES / monica - jorge masterdent,,,,$19.040,$32.000,,,"0,68",$0
ARTICULADOR MAGNETICO,245022,,,0,0,Masterdent,,0,,$62.475,$95.000,,,"0,52",$0
ARTICULADOR plastico PASTA transparenteñ,,,,0,0,biodentales Monica jorge - aquiles,,,,$3.374,$6.000,,,"0,78",$0
Asentador de Bandas color,,,,0,0,IMPORTADA,,0,,$1.712,$8.000,,,"3,67",$0
astrobrush astro brush,IMPORTADO $1063 abraham $12472,,,0,,abraham ultradental ramon IMPORTADO,,,,$12.500,$16.000,,,"0,28",$0
AUTOCLAVE 6 LTS,,,,0,,RAMON,,,,$1.550.000,$1.860.000,,,"0,20",$0
axxis placa ,,,,0,0,no se ,,0,,$6.400,$10.000,,,"0,56",$0
AZUL DE METILENO,,,,0,0,ALLERS,,0,,$1.145,$4.000,,$3.000,"2,49",$0
BABEROS DESECHABLES AZUL ,,,,0,0,BIOSALUD,,20,,$400,$600,,,"0,50",#REF!
BABEROS DESECHABLES DE COLORES SURTIDOS,,,,0,0,BIOSALUD ,,15,,$430,$600,,,"0,40",#REF!
baberos plasticos de color (NEGRO - MORADO-AZUL - BLANCO),,,,0,0,BIOSALUD,,AZUL 23 NEGRO 14 VERDE 13 ,,$2.500,$5.000,,,"1,00",#REF!
baberos toalla servilletas desechable X 100,,,,0,0,DAZA la muela ,,0,, ,$28.000,,,#VALUE!,$0
baberos toalla servilletas desechable X 50,daza $7735 promo7140,,,0,0,DAZA la muela ,,NEGRO 15 ROSADO 15 AGUAMARINA 2 AZUL CLARO 21 AZUL OSCURO 20 VERDE 16 MORADO 14 NARANJA 5 VERDE CLARO 22,,$10.115,$18.000,,$13.000,"0,78",#REF!
baja lengua paleta MADERA PAQUETE X 20,,,,0,0,ALLERS,,5,,$1.399,$7.000,,,"4,00",$0
Banda Matriz de Acero metalica 0.05,,,,,,RAMON - ABRAHAM new stetic ,0,,,$12.019,$18.000,,$16.000,"0,50",$0
Banda Matriz de Acero metalica 0.07,,,,,,RAMON - ABRAHAM new stetic ,0,,,$14.042,$18.000,"1,19",$16.000,"0,28",$0
Banda portamatriz metalica azdent ,,,,0,0,IMPORTADA,,0,, $5.423,$36.000,,,"5,64",$0
Banda portamatriz metalica KERR,,,,0,0,Pluss Dent GAB VEL,0,0,,$49.980,$68.000,,,"0,36",$0
BANDAS DE ACERO,,,,0,0,CLAUDIA,,0,,$900,$8.000,,,"7,89",$0
Bandas de Acero ,,,,0,0,IMPORTADA,,0,,$6.400,$22.000,,,"2,44",$0
Bandas en T x4 unidades ,,,,0,,RAMON,,,,$928,$3.000,,,"2,23",$0
Bandeja organizadora BLANCA,,,,0,,RAMON-AQUILES,,,,$11.781,$16.000,"1,19",,"0,36",$0
Barniz de fluor Monodosis Enamelast ULTRADENT,,,,0,0,Gabriel Vel pluss ,13,15,08-2025,$5.159,$8.000,exc,,"0,55",$0
Barniz de fluoruro de sodio 5% Enamelast jeringa ULTRADENT,pluss $11583,,,0,0,Gabriel Vel pluss ,6,23,,$14.703,$22.000,exc,,"0,50",$0
barniz duraphat VERIFICAR FECHA VENCIMTO,,,,0,0,Aquiles ,,0,,$116.323,$154.000,,,"0,32",$0
Barniz fluor Duraphat colgate 10 ml,,,,0,0,Aquiles ,,0,,$86.500,$115.000,,,"0,33",$0
Barniz fluor monodosis CLIMPRO,,"$257.950,00",,0,0,Gabriel velasquez,,0,,$5.800,$8.000,,,"0,38",$0
Barrera Gingival  opaldam ultradent,,Barrera,,0,0,Gabriel Vel pluss clau,4,3,,$26.891,$46.000,,,"0,71",$0
Barrera Gingival Clariant 3 gr Angelus,,,,0,0,ABRAHAM ,,3,,$34.990,$45.000,,,"0,29",$0
Barrera Gingival Max Dam Jeringa 2 g Maquira ,COMPRE 17600,PRECIO 20 MAYO,17600,0,0,RAMON SOCCIDENTALES CLAUDIA,,,,$21.120,$38.000,exc,$28.000,"0,80",$0
"Barrera gingival Potenza 2,5gm",,Barrera,,,,New stetic ,0,,,27489,$36.000,,$32.000,"0,31",$0
Barrera Gingival SDI,,,,0,0,ABRAHAM  CLAUDIA,,0,,$50.800,$63.600,,,"0,25",$0
Barrera Gingival Top Dam 2 g  FGM,SOCCID $19700 X 50 ,Barrera,,0,0,FGM soccident,,,,$19.200,$32.000,exc,$25.000,"0,67",$0
base it Cemento base intermedia Spident,,,,0,0,SOCCIDENTALES,,2,,$35.074,$55.000,EXC,,"0,57",$0
basico color  STUDENT,,,,0,,RAMON,,,,$59.200,$75.000,,,"0,27",$0
basico desechable,,,,0,,RAMON-AQUILES UPEGUI,,,,$3.505,$7.000,,,"1,00",$0
Basico instrumental  ESPEJO DOBLE,Basico/Acero,,,0,,DELTA ,0,,,$1,$1,,,"0,00",$0
Basico instrumental  MANGO DELGADO ,Basico/Acero,AGOTADO,,0,,DELTA ,0,,,$210.000,$355.000,,,"0,69",$0
Basico instrumental  MANGO GRUESO ,Basico/Acero,AGOTADO,,0,,DELTA ,0,,,$1,$1,,,"0,00",$0
BATA azul manga de puño  talla L,,,,0,0,BIOSALUD,,0,,$2.900,$9.000,,,"2,10",$0
BATA azul manga de puño  talla M,,,,0,0,BIOSALUD,,0,,$2.900,$9.000,,,"2,10",$0
BATA azul manga de puño  talla S,,,,0,0,BIOSALUD,,0,,$2.900,$9.000,,,"2,10",$0
BATA azul manga de puño  talla unica SIN PUÑO BLANCO ,MUNDIAL azul $2100 / blanca $2000,,,0,0,BIOSALUD MUNDIAL ,,230,,$2.900,$9.000,,$7.000,"2,10",#REF!
BATA azul manga de puño  talla XL,,,,0,0,BIOSALUD,,10,,$3.500,$9.000,,,"1,57",#REF!
Bata Azul QX manga de puño + gorro PARA NIÑO EN KIT ,,,,0,0,BIOSALUD,,0,,$3.500,$8.000,,,"1,29",$0
Bata con puño x 10,,,,0,0,clay ,,0,,$2.644,$9.000,,,"2,40",$0
Bata FIGURA manga de puño PARA NIÑA EN KIT ESTAMPADOS SURTIDOS ,,,,0,0,BIOSALUD,,8,,$5.000,$9.000,,,"0,80",$0
Bata FIGURA manga de puño PARA NIÑO EN KIT ESTAMPADOS SURTIDOS ,,,,0,0,BIOSALUD,,0,,$5.000,$9.000,,,"0,80",$0
Bebedero Delgados  X 500,,,,,,New Stetic,0,,,$120,$200,,,"0,67",$0
BELLAVEST x 144 (porcionado),,,,,,EURODENT,,,,$5.452,$9.000,,$7.500,"0,65",
BICARBONATO  x libra ,,,,0,,drogueria san jorge - centro,,,,$3.200,$6.000,,,"0,88",$0
BICARBONATO sobre 20gm,,,,0,0,unidental ,,7,,$128,$1.000,,,"6,81",$0
Bio c repair,,,,1,,ABRAHAM,,,,$300.380,$375.500,,,,
Bio c sealer,,,,5,0,ABRAHAM dora,,2,,$91.700,$114.700,EXC,,"0,25",$0
Bio c temp,,,,0,0,ABRAHAM dora,,0,,$79.000,$98.750,EXC,,"0,25",$0
Biodentine Septodont,B34362,PRECIO 20 MAYO,60432,0,0,ABRAHAM,,20,,$57.410,$72.000,0,$62.000,"0,25",$0
Bis silane bisco silano ,promo $202300 mayo/25,,,,,JULVIDENT bisco,,3,,$224.000,$290.000,,,"0,29",$0
Bisagra para modelo Ivorina ,,,,0,0,Aquiles,,0,,$2.400,$4.500,,,"0,88",$0
BOLSA BCA T 15 = ,ok,,,0,,CENTRO - Fercho,,,,$27,$500,,,"17,73",$0
BOLSA BCA T 25,ok,,,0,,CENTRO - Fercho,,,,$57,$500,,,"7,77",$0
BOLSA BCA T 30,ok,,,0,,CENTRO - Fercho,,,,$72,$100,,,"0,39",$0
BOLSA BCA T 40 ,ok,,,0,,CENTRO - Fercho,,,,$112,$200,,,"0,79",$0
bolsa de basura  NEGRA 50 X 60 kilo para tarro pequeño cerros y sur,sur,,,3,5,CENTRO - Fercho,,,,$80,$200,,,"1,50",$400
bolsa de basura combate NEGRA kilo,ok,,,0,,CENTRO - Fercho,,,,$96,$200,,,"1,08",$0
BOLSA HERMETICA ZIPLOC 10 x 12  ALGINATO - ACRIL NARANJ,ok,,raul ab23,4,0,CENTRO - Fercho,0,0,,$58,$100,,,"0,72",$0
BOLSA HERMETICA ZIPLOC 10 x 20 para piezas ,ok,,,0,0,CENTRO - Fercho,0,0,,$75,$300,,,"3,00",$0
BOLSA HERMETICA ZIPLOC 20 x 24 para modelos ,,,no traer mas ,0,0,CENTRO - Fercho,0,0,,$90,$300,,,"2,33",$0
BOLSA HERMETICA ZIPLOC 25 x 30 GRANDE alambre,,,no traer mas ,0,0,CENTRO - Fercho,0,0,,$100,$500,,,"4,00",$0
BOLSA HERMETICA ZIPLOC 5 x 5 profilaxis y empacar,ok,,,0,0,CENTRO - Fercho,0,0,,$28,$100,,,"2,57",$0
BOLSA HERMETICA ZIPLOC 6 x 10 cm bicarbonato y LLAVES,ok,,,0,0,CENTRO - Fercho,0,0,,$39,$200,,,"4,13",$0
bolsa para esterilizar  # 1 = 6 Cm x 13 Cm LIMAS,dentmar $6.500 imporq $6.000,,,0,0,imporq DTM,,,10-2027,$6.500,$20.000,,,"2,08",$0
bolsa para esterilizar  # 2 = 9 Cm x 13 Cm GRAPAS,,,,0,,DAZA Ramon imporq GABRIEL V,,,10-2027,$10.500,$22.000,,$18.000,"1,10",$0
Bolsa para esterilizar # 3 =  9 x 26 cm BASICO,"imporq$16,000 / Dentmar $16,300 ",,,0,,DAZA Ramon imporq GABRIEL V,,,,$16.000,$32.000,,$28.000,"1,00",$0
Bolsa para esterilizar # 4 =13 x 28 cm CUBETAS 1/2na ,denmart $25.000 imporq $25.000,,,0,,DAZA Ramon imporq GABRIEL V,,,,$32.000,$48.000,,$42.000,"0,50",$0
Bolsa para esterilizar # 5 = 19 x 33 cm GRANDE  ,denmart $45.000,,,0,,DAZA Ramon imporq GABRIEL V,,,,$45.000,$110.000,,,"1,44",$0
Bolsa para esterilizar # 6 = 30 x40 cm GIGANTE,denmart $65.000 imporq $65.000,,,0,,DAZA Ramon imporq GABRIEL V,,,,$80.000,$170.000,,,"1,13",$0
bolsa transparente  8cm x 14m Campos,,,,0,,CENTRO - Fercho,,,,$165,$200,,,"0,21",$0
bolsa transparente  referencia 6 X 10 EMP. BOLSAS R V,,,,0,,CENTRO - Fercho,,,,$165,$200,,,"0,21",$0
bolsa transparente  referencia 9 x 12 BABEROS,,BORRAR,,0,,CENTRO - Fercho,,,,$20,$50,,,"1,50",$0
BOLSA transparente 4x8 o lechosa,,,,0,,CENTRO - Fercho,,,,$15,$500,,,"32,33",$0
Bolsas Roja  16 x 20 KILO,ok,,,0,,CENTRO - Fercho,,,,$96,$200,,,"1,08",$0
Bolsas Verde  16 x 20 KILO,ok,,,0,,CENTRO - Fercho,,,,$96,$200,,,"1,08",$0
bolsos colores  BIEN bonitos  BIEN SURTIDOS,,,,0,0,BIOSALUD,,revisar,,$2.500,$4.000,,,"0,60",$0
BORRADOR MIGA DE PAN amarillo,,,,0,,CENTRO PAPELERIA,,,,$500,$1,,,"-1,00",$0
Boton de Ortodoncia pqte x 10,,,,0,5,DAZA PADILLA IMPORTADO,,40,,$900,$2.000,,,"1,22",$4.500
Bruñidor 21B Titanium DELTA ,TNBB21B,SANDRA ,,0,,DELTA ,0,,,$75.000,$90.000,,,"0,20",$0
cadenetas ortodoncia ,"importado $9402 // Padilla $9,200 // Daza $17200 //  Abraham $17,450",,,0,0,ABRAHAM padilla daza IMPORTADA,,revisar,,$14.800,$24.000,,$17.000,"0,62",$0
Caja acero CON HUECOS acanalada con tapa Peq. 16x25,,,,3,0,aquiles,,1,,$34.272,$56.000,,,"0,63",$0
caja acero inox para instrumental Grande CON HUECOS 21x30x6,agotada,,,0,1,aquiles,,0,,$40.698,$60.000,,,"0,47",$40.698
Caja Algodonera  PLASTICA COLOR,,,,0,0,UPEGUI,,0,,$3.500,$6.000,,,"0,71",$0
Caja Algodonera ALUMINIO Doble,,,,0,0,aquiles,,0,,$6.545,$10.000,,,"0,53",$0
Caja Algodonera metalica ALUMINIO,,,,0,,aquiles ramon,,,$6.426,$6.426,$10.000,,$9.000,"0,56",$0
CAJA DE ESTERILIZAR METALICA BASICO PEQUEÑA,,,,0,0,,,9,,,,,,,
Caja kendyLock No. 2 Medio/ref 60050,,,,,,CENTRO- LA 15 - la mejor guillermo velez,,,,$3.500,$6.000,,,"0,71",$0
Caja kendyware rectangular No.3 BAJA 2.5LTS,,,,,,CENTRO- LA 15 - la mejor guillermo velez,,,,$4.900,$7.000,,,"0,43",$0
Caja maxi organizadora manija 12 litros NP,,,,,,CENTRO- LA 15- la 13 - la mejor,,,,$14.400,$22.000,,,"0,53",$0
Caja organizadora de elastides llaves,,,,0,0,daza,,1,,$66.973,$83.000,,,"0,24",$0
Caja organizadora multiproposito 6 compartimientos peq,,,,,,CENTRO- LA 15- la 13 - la mejor,,,,$2.500,$6.000,,,"1,40",$0
caja para carillas negra ,,,,0,0,IMPORTADO,,1,, $30.174,$95.000,,,"2,15",$0
caja para esterilizar Basico DELTA ,BLUES,AGOTADO,,0,,DELTA ,0,,,$38.024,$95.000,,,"1,50",$0
Caja picni No. 2 mediana kendy 70600,,,,,,CENTRO- LA 15 - la mejor guillermo velez,,,,$3.300,$12.000,,,"2,64",$0
caja plastica cera utility caja 5 cm colores surtidos BONDENT,,,,0,0,BONDENT,,,,$680,$2.000,,,"1,94",$0
CAJA PLASTICA PARA RETENEDORES ortodoncia colores SURTIDOS ,,,REVISAR (NEW ST  $1725),0,0,ZENDENT DENTOLINE,,0,,$762,$2.000,,,"1,62",$0
CAJA PLASTICA TAPER hermetico lujo No. 1,,,,0,0,PERSAL CENTRO- LA 15- la 13 ,9,14,,$5.831,$10.000,,,"0,71",$0
CAJA PLASTICA TAPER hermetico lujo No. 2,,,,0,0,PERSAL CENTRO- LA 15- la 13 ,14,27,,$8.670,$15.000,,,"0,73",$0
CAJA PLASTICA TAPER hermetico lujo No. 3,,,,20,30,PERSAL CENTRO- LA 15- la 13 ,0,2,,$10.710,$19.000,,,"0,77",$321.300
CAJA PLASTICA TAPER hermetico lujo No. 4,,,,10,20,PERSAL CENTRO- LA 15- la 13 ,7,8,,$12.733,$21.000,,,"0,65",$254.660
CAJA RETENEDORA GRANDE  a granel,oxxi $1440 zen dent $1226,,,0,0,Dentoline,,morado rojo negro azu verde,,1083,$2.000,,,"0,85",$0
CAJA RETENEDORA GRANDE  X 36,ortho prof $1285,,,0,0,OXXI,,86,,$1.285,$2.000,,,"0,56",$0
CAJA RETENEDORA PEQUEÑA ,oxxi $1220 orhto prof $1071,,,100,200,OXXI,,12 rosada verde azul,,$1.071,$2.000,,,"0,87",$214.200
Caja salento #1 pequeña  10 LTS kendy,gulle $9783,,,,0,CENTRO- LA 15 - la mejor guillermo velez,,12,,$9.782,$18.000,,,"0,84",$0
Caja salento #2 mediana   10 LTS kendy,,,,,0,CENTRO- LA 15 - la mejor guillermo velez,,36,,$12.515,$24.000,,,"0,92",$0
Caja salento #3 grande  17 LT kendy,guille $17100,,,,0,CENTRO- LA 15 - la mejor guillermo velez,,30,,$17.118,$32.000,,,"0,87",$0
CAJAS TRANSPARENTES PARA ENDOKIT ,,BORRAR,,0,,Dentsplay Ramon ,,,,$1,$1,,,N/V,
CALCIFAR - P JERINGA 2ML Hidroxido de calcio en pasta,,,,0,0,eufar,,,,$25.935,$36.000,,$29.000,"0,39",
Calibrador Inter oclusal ,,,,0,0,scoes,,12,,$23.000,$50.000,,,"1,17",$0
CAMBIA FRESA ,IMPORTADO $5517,,,0,,RAMON- DENTAL LA U IMPORTADO,,,,$15.000,$25.000,,$20.000,"0,67",$0
camisa Azul de boton   talla M,,,,0,0,BIOSALUD,,revisar,,$4.000,$8.000,,,"1,00",$0
camisa Azul de boton   talla S,,,,0,0,BIOSALUD,,revisar,,$4.000,$8.000,,,"1,00",$0
CAMISA BLANCA BOTON L,,,,0,0,BIOSALUD,,revisar,,$3.800,$8.000,,,"1,11",$0
CAMISA BLANCA BOTON M,,,,0,0,BIOSALUD,,revisar,,$3.800,$8.000,,,"1,11",$0
CAMISA BLANCA BOTON S,,,,0,0,BIOSALUD,,revisar,,$3.800,$8.000,,,"1,11",$0
Campos COLORES,,,,0,,CENTRO,,,,$183,$600,,,"2,28",$0
Campos de colores surtidos ,,,,0,0,BIOSALUD,,500,,$150,$600,,,"3,00",$0
Campos quirurjicos  AZULES GRANDES ,,,,0,0,BIOSALUD,,50,,$700,$1.500,,,"1,14",$0
Campos quirurjicos AZULES X MT,,,,0,0,BIOSALUD,,500,,$150,$600,,,"3,00",$0
campos x 125 muelitas,,,,0,0,IMPORQ,,0,,$22.000,$38.000,"1,19",,"0,73",
campos x 50 muelitas,,,,0,0,IMPORQ,,,,$8.800,$18.000,,,"1,05",
Candado COD 373 - 30 o 32 mm ,,,,0,,CENTRO HOYOSTOOL,,,,$2.000,$7.000,,,"2,50",#REF!
Candela encendedor caja x 25,,,,,,CENTRO 40mil,,,,$440,$1.000,,,"1,27",$0
Canula metalica,,,,0,0,importado,,4,,$22.479,$52.000,,,"1,31",$0
Canula plastica AZUL paquete por 25 unidades,,,,0,,RAMON,,,,$800,$4.000,,,"4,00",$0
Canula plastica BLANCA paquete por 25 unidades,,,,0,,RAMON,,,,$700,$4.000,,,"4,71",$0
CAROLINA NORTE American Eagle MONTANA,,,,0,0,ABRAHAM,,0,,$85.060,$108.000,,,"0,27",$0
Carpeta sencilla con boton ,,,,0,,CENTRO PAPELERIA,,,,$1,$1,,,"0,00",$0
Cartilla de guia de tamaño de BIODENT,,BORRAR,,,,new stetic,0,,,$1,$0,,,N/V,$0
Casco para alquilar,,BORRAR,,0,,CENTRO,,,,$1,$1,,,"0,00",$0
Caucho bandas 18gm x bolsa empacado,,,,0,0,unidental,,,,$688,$1.500,,,"1,18",$0
Caucho bandas siliconada x lib ,,,,0,,CENTRO PAPELERIA,,,,$172,$1.500,,,"7,72",#REF!
Cemento C-Gross ,NO PEDIR ,,,0,0,PRODONT,,0,,$8.190,$14.000,,,"0,71",$0
cemento fostato de zinc ,,,,0,0,SOCCIDENTALES CLAUDIA,,0,,$8.000,$18.000,,,"1,25",$0
CEMENTO GROSSMAN 10 g   proquident,,,,,,PROQUIDENT,,0,,$8.350,$12.000,,,"0,44",$0
cemento resinoso Dual Force 5g maquira ,compre $0,,,0,0,RAMON SOCCIDENTALES CLAUDIA,,,07-2025,$99.000,$136.000,EXC,,"0,37",$0
cemento temporal  TEMP IT FLOW eringa X 2 GM ,,,,0,0,RAMON SOCCIDENTALES CLAUDIA,,,06-2025,$25.000,$46.000,EXC,$36.000,"0,84",$0
cemento temporal  TEMP IT jeringa X 3 GM,,,,0,0,RAMON SOCCIDENTALES CLAUDIA,,,06-2025,$33.333,$54.000,EXC,$42.000,"0,62",$0
cemento temporal Applic 2g maquira x 2 jeringas ,,,,0,0,RAMON SOCCIDENTALES CLAUDIA,,,07-2025,$19.052,$34.000,EXC,,"0,78",$0
Cemento temporal fluor OBTUR 25 gm,,,,0,0,soccidentales ,,10,03-2026,$18.172,$32.000,EXC,$25.000,"0,76",$0
Cemento temporal MD TEMP,,,,0,0,ABRAHAM,,0,,$32.130,$42.000,,,"0,31",$0
Cemento Temporal Orafil G x 40gr prevest,,,,0,0,soccidentales ,,4,,$19.360,$34.000,EXC,$25.000,"0,76",$0
CEPILLO CON FELPA MONTADO,248002,,,0,0,Masterdent AQUILES,,20,,$3.983,$7.000,,,"0,76",$0
CEPILLO CRIN DE CABELLO CERDA CAFE PARA BRILLAR METAL ,241027,,,0,0,Masterdent,,60,,$1.685,$4.000,,,"1,37",$0
Cepillo de alambre bronce cabo de madera COD-13475 CAJA X 10,,,,,,CENTRO HOYOSTOOL,,,,$2.594,$7.000,,,"1,70",$0
Cepillo de alambre cabo plastico pequeño COD-13476 x3 Unidades (plastic-bronce-metal),,,,0,,CENTRO HOYOSTOOL,,,,$865,$5.000,,,"4,78",$0
CEPILLO DE DIENTES ADULTO ,,,,0,,DENTOLINE CENTRO 40mil ,,,,$800,$2.000,,,"1,31",$0
CEPILLO DE DIENTES NIÑO,,,,0,,CENTRO 40mil DENTOLINE,,,,$708,$2.000,,,"1,82",$0
cepillo de profilaxis de colores,,,,0,0,importados,,7,,,,,,,
CEPILLO INTERDENTAL AL GRANEL interproximal,,,,0,0,DENTOLINE,,30,,$2.142,$5.000,,,"1,33",$0
CEPILLO INTERDENTAL AL GRANEL interproximal,,,,0,0,ZENDENT,,0,,$2.815,$5.000,,,"0,78",$0
Cepillo interproximal viajero AL GRANEL,,,,0,0,DENTOLINE,,20,,$1.924,$4.000,,,"1,08",$0
Cepillo interproximal viajero paquete x 5 COLORES SURTIDOS,,,,,,proquident ZENDENT DENTOLINE,,,,$9.621,$16.000,,,"0,66",$0
CEPILLO MANGO PLASTICO B27 FILO DE CUCHILLA NARANJA,242007,,pedir,0,10,Masterdent,,2,,$7.485,$10.000,,,"0,34",$74.851
CEPILLO MANGO PLASTICO B29 PLANO NARANJA,242006,,pedir,0,10,Masterdent,,2,,$7.485,$10.000,,,"0,34",$74.851
CEPILLO ORTODONCIA  GRANEL ,,,,0,0,ZENDENT DENTOLINE,,50,,$1.700,$3.500,,,"1,06",$0
cepillo ortodoncia zendent en blister ,NO PEDIR,,,0,0,ZENDENT,,0,,$3.000,$4.500,,,"0,50",$0
CEPILLO PARA BRILLAR METAL CERDA NEGRA ,241025,,,0,0,Masterdent,,110,,$1.685,$4.000,,,"1,37",$0
CEPILLO PARA PROTESIS,,,,,,PROQUIDENT DENTOLINE,,1,,$3.958,$7.000,,,"0,77",$0
CEPILLO PARA PROTESIS en kit con crema adhesiva,,,,,,PROQUIDENT DENTOLINE,,2,,$22.372,$32.000,,,"0,43",$0
Cepillo para pulir resina 4 unidades x 4 colores,,,,0,0,aquiles,,0,,$2.000,$6.000,,,"2,00",$0
CEPILLO PELO CABRA CERDA BLANCA  PARA BRILLAR METAL  ,241026,w,,0,0,Masterdent,,130,,$1.685,$4.000,,,"1,37",$0
CEPILLO PELO DE CABRA PEQUENO PARA CONTRA ANGULO,IMPORTADO 1433,,,0,0,Abraham IMPORTADO,,40,,$11.213,$14.000,,,"0,25",$0
cepillo torno PASTA gris grande,,,,0,0,aquiles ,,0,,$3.900,$7.000,,,"0,79",$0
CEPILLOS CUERPO DE MADERA B23,,,,0,0,Masterdent,,8,,$7.485,$10.000,,,"0,34",$0
Cepillos profilacticos  X 144,AQULIES $42 - Ramon  42 - dent $32 DORA 30,,,10,0,aquiles - ramon - DTM imporq,,,,$42.000,$52.000,,$42.000,"0,24",$0
cepillos profilaxis X unidad,,,,0,0,aquiles - ramon - DTM imporq,,,,$256,$500,,,"0,95",$0
Cera azul WHIPMIX PAQUETE X 20 BARRAS VTA UNIDAD,,,,1,0,Biodentales ,,,,$1.366,$2.000,,,"0,46",$0
Cera base UNIDAD,,,,0,0,BONDENT,,,,$511,$1.000,,,"0,96",$0
Cera base x 18 laminas rosada X CAJA ,,,,0,0,BONDENT,,,,$9.200,$15.000,,$12.000,"0,63",$0
Cera BLanca marfil UNIDAD economica,,,,0,0,BONDENT,,,,$833,$2.000,,,"1,40",$0
Cera Blanca marfil WHIPMIX PAQUETE X 120 BARRAS,  ,,,0,0,Biodentales ,,,,$812,$2.000,,,"1,46",$0
Cera Blanca marfil WHIPMIX PAQUETE X 20 BARRAS,,,,1,0,Biodentales ,,,,$1.366,$2.000,,,"0,46",$0
Cera encofrados x 20 laminas de 41cm BONDENT,,,,0,0,BONDENT,,,,$990,$2.000,,,"1,02",$0
cera incrustacion x 60 C0LOR AMARILLO BONDENT,,,,0,0,BONDENT,,,,$910,$2.000,,,"1,20",$0
cera incrustacion x 60 C0LOR AZUL BONDENT,,,,0,0,BONDENT,,,,$910,$2.000,,,"1,20",$0
cera incrustacion x 60 C0LOR ROJO BONDENT,,,,0,0,BONDENT,,,,$910,$2.000,,,"1,20",$0
cera incrustacion x 60 C0LOR VERDE BONDENT,,,,0,0,BONDENT,,,,$910,$2.000,,,"1,20",$0
Cera Metalizada CAJA x 230 g x 12 laminas  BONDENT,,,,0,0,BONDENT,,,07-2028,$15.900,$22.000,exc,$18.000,"0,38",$0
Cera Metalizada TROQUELADA EN FORMA DE U CAJA x24 laminas  BONDENT,,,,0,0,BONDENT,,,07-2028,$15.900,$22.000,exc,$18.000,"0,38",$0
cera metalizada x unidad BONDENT,,,,0,0,BONDENT,,,,$1.222,$2.000,,,"0,64",$0
Cera para rodete LARGO x 18 Barras BONDENT,,,,0,0,BONDENT,,,06-2028,$14.800,$20.000,,$18.000,"0,35",$0
Cera para rodete LARGO x 18 Barras BONDENT X UNIDAD,,,,0,0,BONDENT,,,,$883,$2.000,,,"1,27",$0
Cera pegajosa pqte x 120 color naranja(rojisa) BONDENT,,,,0,0,BONDENT,,,,$900,$2.000,,,"1,22",$0
CERA RENFER GEO CLASIC INDIVIDUAL GRANDE,,,,,,EURODENT,,,,$112.000,$148.000,,$120.000,,
CERA RENFER GEO CLASIC X EXAGONAL X 6,,,,,,EURODENT,,,,$200.000,$290.000,,$225.000,,
CERA RENFER GEO CLASIC X EXAGONAL X UNIDAD,,,,,,EURODENT,,,,$33.333,$60.000,,,,
Cera Rodetes preformado en U caja x 30 unidades BONDENT ,,,,0,0,BONDENT,,,,$893,$2.000,,,"1,24",$0
Cera rojo WHIPMIX PAQUETE X 20 BARRAS VTA UNIDAD,,,,0,0,Biodentales ,,,,$1.366,$2.000,,,"0,46",$0
cera Utility caja x 75 Tiras x 28cm BONDENT,,,,0,0,BONDENT,,,,$24.100,$36.000,,,"0,49",$0
Cera Utility x unidad BONDENT.,,,,0,0,BONDENT,,,,$480,$1.000,,,"1,08",$0
Cera verde WHIPMIX PAQUETE X 20 BARRAS VTA UNIDAD,,,,1,0,Biodentales ,,,12-2027,$1.366,$2.000,,,"0,46",$0
cerafina x 60,,,,0,,monica - ramon biodentales,,,12-2025,$5.430,$8.000,,,"0,47",$0
cerafina x 90,,,,0,,monica - ramon biodentales,,,,$9.136,$12.000,,,"0,31",$0
choise 2 cemento CARILLAS resinoso Milky bisco, julvip promo $136.000 mayo 2025,promo $169,,,,JULVIDENT bisco ,,19,03-2027,$160.000,$210.000,EXC,$190.000,"0,31",$0
choise 2 cemento CARILLAS resinoso Milky Opaque bisco, julvip promo $136.000 mayo 2025,,,,,JULVIDENT bisco ,,5,04-2027,$160.000,$210.000,EXC,$190.000,"0,31",$0
choise 2 cemento resinoso  A1, julvip promo $136.000 mayo 2025,,,,,JULVIDENT bisco ,,1,01-2027,$160.000,$210.000,EXC,$190.000,"0,31",$0
choise 2 cemento resinoso CARILLAS Traslucido bisco, julvip promo $136.000 mayo 2025,promo $169,,,,JULVIDENT bisco ,,11,12-2026,$160.000,$210.000,EXC,$190.000,"0,31",$0
CHOISE Try-in paste A1 2g bisco Probador,,,,,,JULVIDENT bisco ,,0,,$86.000,$105.000,EXC,,"0,22",$0
CHOISE Try-in paste Milky Bright 2g bisco Probador,,promo $85,,,,JULVIDENT bisco ,,0,03-2026,$86.000,$105.000,EXC,,"0,22",$0
CHOISE Try-in paste OPAQUE 2g bisco Probador,,promo $85,,,,JULVIDENT bisco ,,1,7-2025,$86.000,$105.000,EXC,,"0,22",$0
CHOISE Try-in paste TRASLUCIDO 2g bisco Probador,,promo $85,,,,JULVIDENT bisco ,,3,06-2025,$86.000,$105.000,EXC,,"0,22",$0
Cinta de Profilaxis  TDV PAQUETE X 10,,,,2,0,ABRAHAM ,,1,02-2029,$46.320,$58.000,"1,19",$52.000,"0,25",$0
Cinta de Profilaxis  TDV PAQUETE X unidad,,,,0,0,ABRAHAM ,,0,,$4.169,$7.000,,,"0,68",$0
Cinta Esterilizar clase 5 caja roja  indicador imporquirurgica,,,,0,0,IMPORQ,,7,,$41.000,$70.000,,,"0,71",$0
Cinta Esterilizar indicador clase 5 integrom IT26 - 1YS,,,,0,0,integrom esteripac,,55,11-2028,$45.220,$75.000,,$65.000,"0,66",$0
Cinta Esterilizar STRIPS paquete x 100,,,,0,0,IMPORTADA,,0,,$22.000,$30.000,,,"0,36",$0
CINTA PARA MARCAR INSTRUMENTAL COLORES ,,,,0,,RAMON Cardenas,,,,$6.667,$15.000,,$12.000,"1,25",$0
CINTA TEFLON CAJA X 10 - 10m x 19mm x 0.2mm 1/2 Grande,,,,,,CENTRO HOYOSTOOL,,,,$1.000,$5.000,,,"4,00",$0
CINTA TEFLON CAJA X 10 - 8m x 12mm x 0.1mm cod.4811 3/4 Pequena,,,,,,CENTRO HOYOSTOOL,,,,$500,$3.000,,,"5,00",$0
CINTA TESTIGO,denmart $10.000 imporq $10.000,,,0,0,IMPORQ integrom,,4,,$10.500,$18.000,,$15.000,"0,71",$0
Clean stand Mailefer,,,,0,,Dentsplay Ramon ,,,,$67.200,$85.000,,,"0,26",$0
Clean stand o esponjero INOX,,,,0,0,aquiles importado,,18,,$3.700,$12.000,,,"2,24",$0
Clean stand o esponjero lila,,,,0,0,CLAUDIA,,,,$9.150,$32.000,,,"2,50",$0
Clean stand o esponjero PLASTICO,,,,0,0,IMPORTADA,,,,$6.641,$40.000,,,"5,02",$0
clorhexidina clorexol 180 ML,,,,0,0,nuria,,33,06-2026,$32.011,$38.000,,,"0,19",$0
"Colla tape , Colla Cote, Colla Plug",,BORRAR,,0,0,no,,0,,,,,,#DIV/0!,$0
colocador EMPACADOR DE HILO instrumental Delta ,GCPG7,,,4,,DELTA ,2,,,$61.473,$105.000,,,"0,71",$0
Coltosol cemento temporal 38 gr caja coltene,,,,0,0,ultradental,,0,,$47.100,$65.000,,,"0,38",$0
COLTOSOL JERINGA COLTENE JERINGA 8 gr,,,pedir,0,0,ultradental,,8,revisar,$39.276,$52.000,exc,,"0,32",$0
"Composite Wetting Resin ultradent modelador resina 1,2gm",,PRECIO 20 MAYO,77499,0,0,Gabriel Vel pluss ,4,3,,$72.817,$98.000,EXC,,"0,35",$0
COMPRESOR SCHULZ 1 CABALLO,,,,0,,RAMON ,,,,$1.500.000,$1.800.000,,,"0,20",$0
Concepsis clorhexidina,,,,10,0,Pluss Dent GAB VEL,4,6,06-2027,$13.351,$20.000,exc,,"0,50",$0
Concepsis clorhexidina GRANDE 30ML,,,,0,0,Pluss Dent GAB VEL,1,1,,$171.200,$220.000,exc,,"0,29",$0
Conformador de rodete en aluminio,compre $7.500,,,0,0,AQUILES / monica  - Sneider,,0,,$10.710,$15.000,,,"0,40",$0
Conos de gutapercha  de 1ra serie mailefer,,,,0,,Dentsplay Ramon ,,,,$33.000,$45.000,EXC,,"0,36",$0
Conos de gutapercha  de 2da serie mailefer ,,,,0,,Dentsplay Ramon ,,,,$33.000,$45.000,,,"0,36",$0
Conos de gutapercha  de No 15  Mailefer,,AGOTADO,,0,,Dentsplay Ramon ,,,,$33.000,$45.000,EXC,,"0,36",$0
Conos de gutapercha  de No 20  Mailefer,,AGOTADO,,0,,Dentsplay Ramon ,,,,$33.000,$45.000,EXC,,"0,36",$0
Conos de gutapercha  de No 25  Mailefer,,,,0,,Dentsplay Ramon ,,,,$33.000,$45.000,EXC,,"0,36",$0
Conos de gutapercha  de No 30  Mailefer,,,,0,,Dentsplay Ramon ,,,,$33.000,$45.000,EXC,,"0,36",$0
Conos de gutapercha  de No 35  Mailefer,,,,0,,Dentsplay Ramon ,,,,$33.000,$45.000,,,"0,36",$0
Conos de gutapercha  de No 40  Mailefer,,,,0,,Dentsplay Ramon ,,,,$33.000,$45.000,EXC,,"0,36",$0
Conos de Gutapercha  No 15 caja x 6,"ABRA $ //15,500 // DAZA $ 16,700 //SOCCID $14500",,,0,0,ABRAHAM DAZA SOCCIDENTALES,,9,,$15.500,$27.000,EXC,,"0,74",$0
Conos de Gutapercha  No 20 caja x 6,"ABRA $ //15,500 // DAZA $ 16,700 //SOCCID $14500",,No llego 14 AB,20,0,ABRAHAM DAZA SOCCIDENTALES,,9,,$15.500,$27.000,EXC,,"0,74",$0
Conos de Gutapercha  No 25 caja x 6,"ABRA $ //15,500 // DAZA $ 16,700 //SOCCID $14500",,,0,0,ABRAHAM DAZA SOCCIDENTALES,,0,,$15.500,$27.000,EXC,,"0,74",$0
Conos de Gutapercha  No 30 caja x 6,"ABRA $ //15,500 // DAZA $ 16,700 //SOCCID $14500",,,0,0,ABRAHAM DAZA SOCCIDENTALES,,0,,$15.500,$27.000,EXC,,"0,74",$0
Conos de Gutapercha  No 35 caja x 6,"ABRA $ //15,500 // DAZA $ 16,700 //SOCCID $14500",,,0,0,ABRAHAM DAZA SOCCIDENTALES,,0,,$15.500,$27.000,EXC,,"0,74",$0
Conos de Gutapercha  No 40 caja x 6,"ABRA $ //15,500 // DAZA $ 16,700 //SOCCID $14500",,,0,0,ABRAHAM DAZA SOCCIDENTALES,,0,,$15.500,$27.000,EXC,,"0,74",$0
Conos de Gutapercha 15-40  1ra serie,"ABRA $ //15,500 // DAZA $ 16,700 //SOCCID $14500",,,0,0,ABRAHAM DAZA SOCCIDENTALES,,21,,$15.500,$27.000,exc,,"0,74",$0
Conos de Gutapercha 45-80 2da serie ,"ABRA $ //15,500 // DAZA $ 16,700 //SOCCID $14500",,No llego 14 AB,20,0,ABRAHAM DAZA SOCCIDENTALES,,10,,$15.500,$27.000,exc,,"0,74",$0
CONTRA ANGULO ,,,,0,0,LARRY,,0,,$190.000,$220.000,,,"0,16",$0
CONTRA ANGULO CON SEGUETA,,,,0,0,IMPORTADA,,0,,$289.000,$550.000,,,"0,90",$0
CONTRASTADORES PARA FOTO NEGROS INDIVIDUAL C4-B / C4-A,,,,0,10,IMPORTADA,,0,, $10.277,$50.000,,$40.000,"3,87",$102.770
Convertidor de HP a FG,241099,,pedir ,0,10,Masterdent,,9,,$16.846,$28.000,,,"0,66",$168.456
COPA AGUARDIENTE GRANDE 2805,,,,0,,CENTRO CRISTALERIA DISCORDOBA,,,,$1.416,$5.000,,,"2,53",$0
COPA AGUARDIENTE PEQUEÑA 2852AL, ,,,0,,CENTRO CRISTALERIA DISCORDOBA,,,,$1.443,$4.000,,,"1,77",$0
copa de caucho de profilaxis CAJA,,,,0,,RAMON,,,12-2026,$48.000,$68.000,,,"0,42",$0
copa de caucho X 3 unid,,,,0,,RAMON,,,,$975,$2.000,,,"1,05",$0
CORONA DE ACERO,,,,0,0,IMPORTADO,,0,, $4.904,$22.000,,,"3,49",$0
CORONA POLICARBOXILATO - POLICARBONATO,,,,0,0,IMPORTADA,,0,,$1.500,$4.000,,,"1,67",$0
CORTADOR DE GUTAPERCHA,,,,0,0,IMPORTADO,,,,$75.000,$170.000,,,,
CORTAFRIO GDE COD 6753 ,,,,0,,CENTRO HOYOSTOOL,,,,$5.420,$10.000,,,"0,85",$0
CORTAFRIO PÑO COD 3491 ,,,,0,,CENTRO HOYOSTOOL,,,,$5.500,$9.000,,,"0,64",$0
Crema adhesiva para protesis sin  sabor PROQUIDENT,,,,,,PROQUIDENT,,7,06-2026,$26.616,$32.000,,,"0,20",$0
CREMA DENTAL PEQUEÑA,colgate 2050 proquident 1359,,,,,CENTRO 40mil proquident,,19,proqui 06-2026 8-2027 colgate 01-24 03/2025,$2.050,$3.000,,,"0,46",$0
crisoles ECONOMICO ,,,,0,0,AQUILES / monica  - jorge,,5,,$3.500,$7.000,,,"1,00",$0
Cristaflex X100mts,,,,0,0,QUIMIPACK ,,150,,$4.850,$8.000,EXC,,"0,65",$0
Cubeta Maquira No. 8 Blanca,,BORRAR,,0,0,CLAUDIA,,0,,,$15.000,,,#DIV/0!,$0
CUBETA METALICA INDIVIDUAL TALLA L ,,,,0,0,,,21,,,$35.000,,,,
Cubeta plastica color roja xs niño,,BORRAR,,0,0,AQUILES / monica  - jorge,,0,,$5.000,$5.000,,,"0,00",$0
CUBETA PLASTICA IMPRESION PARA ADULTO Y NIÑO JUEGO X12 AZDENT,,,,0,0,IMPORTADA,,,,$13.119,$45.000,,,"2,43",$0
CUBETA PLASTICA IMPRESION PARA NIÑO JUEGO X6,,,,0,0,biodentales-NATURAL SISTEM,,,,$13.852,$20.000,,,"0,44",$0
Cubeta Transparente de silicona,,,,0,0,importado,,1,,,,,,,
Cubetas Juego autoclavable color angelus,,,,0,0,CLAUDIA,,0,,$30.000,$50.000,,,"0,67",$0
Cubetas No. 6 Morelli, ,,,0,0,DAZA CLAUDIA,,7,03-2028,$16.184,$22.000,,,"0,36",$0
Cubetas No. 7 Morelli, ,,,0,0,DAZA CLAUDIA,,15,,$16.184,$22.000,,,"0,36",$0
Cubetas No. 8 Morelli,DAZA $19992,,,0,10,DAZA CLAUDIA,,21,,$16.184,$22.000,,,"0,36",$161.840
CUBETAS PARA FLUOR L,,,,0,,ramon quirudent ,,,,$1.109,$3.000,,,"1,70",$0
CUBETAS PARA FLUOR M ,,,,0,,ramon quirudent ,,,,$1.109,$3.000,,,"1,70",$0
CUBETAS PARA FLUOR PAQUETE ,,,,0,,ramon quirudent ,,,,$28.001,$35.000,,,"0,25",$0
Cubetas Plasticas de Color Beige y fucsia paquete x3P,aquiles $8211,,,0,0,aquiles,,6,,$9.044,$18.000,,,"0,99",$0
Cubetas Plasticas de Colores L paquete x 3 pares,OXXI $8800 NISSI $7128,,,0,0,OXXI NISSI,,48,,$8.800,$18.000,,,"1,05",$0
Cubetas Plasticas de Colores M paquete x 3 pares,OXXI $8800 NISSI $7128,,,0,0,OXXI NISSI,,52,,$8.800,$18.000,,,"1,05",$0
Cubetas Plasticas de Colores S paquete x 3 pares,OXXI $8800 NISSI $7128,,,0,0,OXXI NISSI,,56,,$8.800,$18.000,,,"1,05",$0
Cubetas Plasticas de Colores surtidas paquete x 3 p,DYMA $6092,,,0,0,OXXI DYMA,,76,,$8.000,$18.000,,$11.000,"1,25",$0
Cucharilla endodontica Delta EXC33L,EXC33L,,,0,,DELTA ,11,,,$69.448,$105.000,,,"0,51",$0
Cucharilla instrumental basico Delta EXC5 excabador,EXC5,BASICO,,0,,DELTA ,0,,,$58.120,$95.000,,,"0,63",$0
Cuñas anatomicas de madera X 10 unid,abraham x100 $26390,,,0,,ABRAHAM AQUILES RAMON,,,,$2.143,$7.000,,,"2,27",$0
Cuñas anatomicas de madera X 100 AZDENT,,,,0,0,IMPORTADO,,0,, $10.714, $70.000,,,"5,53",$0
Cuñas anatomicas de madera X 50 unid surtidas,ramon $17310 Aquiles $16898,,,0,,ABRAHAM AQUILES RAMON,,,,$16.898,$32.000,,,"0,89",$0
cuñas de rotacion ,,,,0,0,ABRAHAM DAZA,,0,,$6.800,$10.000,,,"0,47",$0
Cureta 1/2 gracey minifive hu friedy ,,,,0,0,daza,,0,,$123.760,$155.000,,,"0,25",
CURETAS American Eagle MONTANA,CURETA,,,0,0,ABRAHAM,,0,,$87.160,$109.000,,,"0,25",$0
Curetas Instrumental Delta 1-2 Gracey,SG1/2,KIT USC,,0,,DELTA ,1,,,$77.469,$105.000,,$88.000,"0,36",$0
Curetas Instrumental Delta 11-12 Gracey,SG11/12,kit de curetas KIT USC,,0,,DELTA ,0,,,$77.469,$105.000,,$88.000,"0,36",$0
Curetas Instrumental Delta 11-12 MC CALL ,SM11/12S,,,0,,DELTA ,0,,,$77.469,$105.000,,$88.000,"0,36",$0
Curetas Instrumental Delta 13-14 Gracey,SG13/14,kit de curetas KIT USC,,0,,DELTA ,2,,*,$77.469,$105.000,,$88.000,"0,36",$0
Curetas Instrumental Delta 13-14 MC CALL ,SM13/14S,kit de curetas KIT USC,,0,,DELTA ,0,,*,$77.469,$105.000,,$88.000,"0,36",$0
Curetas Instrumental Delta 17-18 MC CALL ,SM17/18S,kit de curetas KIT USC,,0,,DELTA ,1,,*,$77.469,$105.000,,$88.000,"0,36",$0
Curetas Instrumental Delta 3-4 Gracey,SG3/4,kit de curetas USC,,0,,DELTA ,1,,,$77.469,$105.000,,$88.000,"0,36",$0
Curetas Instrumental Delta 5-6 Gracey,SG5/6,,,0,,DELTA ,1,,,$77.469,$105.000,,$88.000,"0,36",$0
Curetas Instrumental Delta 7-8 Gracey,SG7/8,kit de curetas,,0,,DELTA ,3,,,$77.469,$105.000,,$88.000,"0,36",$0
Curetas Instrumental Delta 9-10 Gracey,SG9/10,KIT USC,,0,,DELTA ,1,,,$77.469,$105.000,,$88.000,"0,36",$0
Debublizer economico ,,,,0,0,Monica jorge aquiles,,0,,$2.950,$6.000,,,"1,03",$0
Dentimetro Flexible ,,,,,,NEW STETIC,0,,,$100,$1.000,"1,19",,"9,00",$0
Dentimetro metalico,,,,0,,RAMON JORGE AQUILES,,,,$2.400,$3.500,,,"0,46",$0
DENTOFAR 5 ML,aquiles $22325 EUFAR 21385,,,0,0,EUFAR proquident AQUILES,,0,,$21.385,$28.000,,,"0,31",$0
DESENSIBILIZANTE KF 2% JGA X 2.5 ML FGM,antioq $27608 soccid $19300 promo 23205,,,0,0,FGM soccident,,,,$27.608,$36.000,,,"0,30",$0
Desensibilizante Ultra EZ Ultradent,,,,0,0,Gabriel Vel pluss ,2,5,,$11.455,$28.000,exc,,"1,44",$0
Desinfectante dispositivos medicos Proquizyme 240ml,,,,,,PROQUIDENT,,0,,$9.063,$14.000,,,"0,54",$0
Desinfectante dispositivos medicos Proquizyme 500 ml superficie,,,,,,PROQUIDENT,,19,,$19.585,$28.000,,,"0,43",$0
desinfectantes ALCOHOL 80% x 240 ml eucida clasicc,,,,0,0,eufar,,15,,$12.285,$17.000,,,"0,38",$0
desinfectantes superficies ORGANICA x 500 ml,,,,0,0,nuria,,7,,$16.000,$28.000,,,"0,75",$0
desinfectantes superficies x 100 ml,,,,0,10,nuria,,40,07-2027,$6.000,$10.000,,,"0,67",$60.000
DESMANCHADOR POLVO PROQUIDENT 175 gr,,,,,,PROQUIDENT,,3,1/7/2027 6-2027,$21.165,$34.000,,,"0,61",$0
destornillador para modelo ivorina ,,,,0,,CENTRO HOYOSTOOL,,,,$4.000,$7.000,,,"0,75",$0
detartrol 60ml,aquiles $29.000 ramon 26000,PRECIO 20 MAYO (acomodar descuento),27550,2,,RAMON AQUILES,,,05-2027,$29.000,$38.000,exc,,"0,31",$0
"Detector Revelador De Caries Sable Seek- Ultradent jeringa 1,2 ",gabriel velasque 21465,,,5,0,Gabriel Vel pluss ,0,5,,$21.488,$34.000,,$28.000,"0,58",$0
DIENTES BIODENT,,,,,,NEW STETIC,0,,,$6.700,$9.000,exc,$8.000,"0,34",$0
Dientes de Endodoncia D ENDO 11 23 25 36,dyma $14280,,,0,0,DYMA,,,,$14.280,$18.000,,,"0,26",
dientes de ivorina ,,,,0,0,JORGE DYMA,,,,$1.200,$2.500,,,"1,08",$0
dientes de NISSI ,,,,0,0,JORGE DYMA,,,,$1.200,$3.000,,,"1,50",$0
DISCO CARBURO CAJA X 100 DISCO PARA  SEPARAR,242014,,,0,0,masterdent,,200,,$600,$2.500,,,"3,17",$0
DISCO DE PULIDO DE RESINA 2 MANDRILES 40 UNIDADES,,,,0,0,importado,,,,$21.850,$70.000,,,,
DISCO DIAMANTADO DENTADO PARA CORTE Y ELIMINACION DE EXCESOS.,241052,,,0,0,Masterdent,,,,$9.997,$14.000,,,"0,40",$0
DISCO DIAMANTADO ECONOMICO CARTON AZUL ,,,,0,0,UPEGUI IMPORTADA,,172,,$3.000,$8.000,,$6.000,"1,67",$0
DISCO DIAMANTADO LISO DENTADO IDEAL PARA SEPARAR,241051,,,0,0,Masterdent,,,,$9.997,$14.000,,,"0,40",$0
DISCO DIAMANTADO LISO PARA SEPARACION INICIAL Y RECORTE,241050,,,0,0,Masterdent,,,,$9.997,$14.000,,,"0,40",$0
DISCO DIAMANTADO METALICO TOTAL,241053,,,0,0,Masterdent,,,,$9.997,$14.000,,,"0,40",$0
Disco diamond flex fieltro x 24 undidades,promo $46410,,,0,0,fgm,,1,,$61.880,$88.000,,,"0,42",
DISCO PARA CORTE DE METAL DE BAJO OLOR 210,242012,,,0,0,Masterdent,,,,$900,$1.500,,,"0,67",$0
DISCO PARA DESBASTAR 212,242013,,,0,0,Masterdent,,,,$1.805,$3.500,,,"0,94",$0
DISCO PARA SEPARACION Y CONTORNEAR RUGOSIDADES,241054,,,0,0,Masterdent,,,,$8.899,$13.348,,,"0,50",$0
DISCO PARA SEPARAR METAL 221,242014,REPETIDO,,0,0,Masterdent,,,,$500,$1.000,,,"1,00",$0
DISCO UNA SOLA CARA PARA SEPARACION INICIAL Y CONTORNEADO,241055,,,0,0,Masterdent,,,,$4.000,$7.000,,,"0,75",$0
discos de pulido azul max flex ,,,,0,0,la muela ,,5,,$650,$2.000,,,"2,08",$0
Discos pulidores JIFFY ultradent Amarillo Conico ,,PRECIO 20 MAYO,11750,3,0,Gabriel Vel pluss ,3,0,,$12.175,$16.000,,,"0,31",$0
Discos pulidores JIFFY ultradent Amarillo Copa ,,PRECIO 20 MAYO,11750,1,0,Gabriel Vel pluss ,5,0,,$12.175,$16.000,,,"0,31",$0
Discos pulidores JIFFY ultradent Amarillo Lenteja ,,PRECIO 20 MAYO,11750,2,0,Gabriel Vel pluss ,4,0,,$12.175,$16.000,,,"0,31",$0
Discos pulidores JIFFY ultradent blanco Conico,,,,0,0,Gabriel Vel pluss ,7,0,,$12.175,$16.000,,,"0,31",$0
Discos pulidores JIFFY ultradent blanco Copa,,PRECIO 20 MAYO,11750,3,0,Gabriel Vel pluss ,3,0,,$12.175,$16.000,,,"0,31",$0
Discos pulidores JIFFY ultradent blanco Lenteja ,,,,1,0,Gabriel Vel pluss ,5,0,,$12.175,$16.000,,,"0,31",$0
Discos pulidores JIFFY ultradent Verde Conico,,PRECIO 20 MAYO,11750,2,0,Gabriel Vel pluss ,4,0,,$12.175,$16.000,,,"0,31",$0
Discos pulidores JIFFY ultradent Verde Copa ,,PRECIO 20 MAYO,11750,2,0,Gabriel Vel pluss ,4,0,,$12.175,$16.000,,,"0,31",$0
Discos pulidores JIFFY ultradent Verde Lenteja ,,,,0,0,Gabriel Vel pluss ,7,0,,$12.175,$16.000,,,"0,31",$0
Discos soflex 3M,,,pedir ,0,,RAMON GABRIEL VELASQUEZ,,,,$841,$30.000,,,"34,67",$0
Discos soflex 3M PAQUETE X30,,,,0,,RAMON GABRIEL VELASQUEZ,,,,$71.400,$95.000,,,"0,33",$0
Discos soflex praxis TDV x30,,,,0,0,ABRAHAM,,,,$39.730,$49.600,exc,,"0,25",$0
Discos soflex super snap ,SSW $11800 // NEW $13566 // MIGUEL $11042,kit zafira,,,,jorge new stetic,0,,,$12.614,$18.000,,$15.000,"0,43",$0
Discos soflex super snap SHOFU NEGROS X CAJA ,,miguel $65 /New $74,,,,New Stetic MIGUEL,0,,,$74.732,$110.000,85,$85.000,"0,47",$0
Discos soflex super snap X CAJA 48 UNIDADES,SSW $11800 // NEW $13566 // MIGUEL $11043,kit zafira,,,,jorge new stetic,0,,,$605.472,$720.000,,$14.375,"0,19",$0
DISCOS ULTRA THIN VERDE PARA PORCELANA  ULTRATRIM,242010,,,0,0,Masterdent AQUILES,,30,,$1.000,$3.000,,,"2,00",$0
Dispensador microaplicadores SDI,,,,0,0,CLAUDIA,,0,,$18.000,$40.000,,,"1,22",$0
DUO LINK Bisco ,,promo $160,,,,JULVIDENT bisco,,20,26-2027,$267.000,$325.000,exc,$270.000,"0,22",$0
Duplicadora en hierro para laboratorio,,,,0,0,Monica sneider,,0,,$13.000,$24.000,,$18.000,"0,85",$0
DURALAY DURACRYL FLOW 60 gr,,,,,,New Stetic ,0,3,,$141.253,$170.000,"1,19",$155.000,"0,20",$0
DURALAY DURACRYL FLOW porcion 10gr,,,,0,0,unidental ,,,,$21.250,$30.000,,,"0,41",$0
DURALAY Inlay Pattern Resin 20 grs,aquiles $33800 / ,,,0,0,JORGE,,4,,$30.000,$40.000,,$38.000,"0,33",$0
Dycal Ivory Shade  Dentsply,,AGOTADO,descontinuado,0,,Dentsplay Ramon ,,,,$46.500,$62.000,,,"0,33",$0
ECO WIPES TOALLA CUADRA X50 HOJAS  WY PALL WYPALL ,,,,0,,CENTRO 40mil,,,,$25.000,$32.000,,,"0,28",$0
EDTA  120 ml eufar,aquiles $40000 eufar $36985,,,0,0,Gabriel Velasquez - aquiles Eufar ,,1,,$36.985,$58.000,EXC,,"0,57",$0
ELASTICOS INTERMAXILARES,DAZA $3226 abrahan 1180 padilla $900 ORHTO PROF $1159,,,0,0,ABRAHAM DAZA PADILLA ,,3/8 M 22 3/8 H 13 1/8 10 1/8M 3 1/8 H 5 1/4 M 20 1/4 H15 5/16 M 19 5/16 H 14 3/16 M 26 3/16H 17 ,,$1.200,$5.000,EXC,,"3,17",$0
elasticos separadores X 60 RUEDAS,abraham 11080,,,0,139,ABRAHAM PADILLA ,,revisar,,$227,$500,,,"1,21",$31.381
elevador Apical derecho instrumental Delta,,,,0,,DELTA ,0,,,$60.000,$95.000,,,"0,58",$0
Embudo ,,,,0,,CENTRO CRISTALERIA,,,,$750,$1.500,,,"1,00",$0
EMPRESS DIRECT BLXL IVOCLAR DENTINA ,Dora $228// Gabriel Velas $235//EMMA $215 // CESAR $278 //casa odontologica $232 eurodent $199,ALTA ESTETICA,,,,EMMA MASDENTAL  ramon EURODENT,,,,$199.000,$280.000,exc,,"0,41",$0
EMPRESS DIRECT BLXL IVOCLAR ESMALTE,Dora $228// Gabriel Velas $235//EMMA $215 // CESAR $278 //casa odontologica $232 eurodent $199,ALTA ESTETICA,,,,EMMA MASDENTAL  ramon EURODENT,,,,$199.000,$280.000,,,"0,41",$0
EMPRESS OPAQUE,,,,0,0,EMMA MASDENTAL ,,0,,$225.000,$280.000,,,"0,24",$0
EMULSION DE ALTO BRILLO EMPACADO JOTA (4 x tarro),,,,0,0,unidental,,4,,$20.500,$25.000,,,"0,22",$0
EMULSION DE ALTO BRILLO JOTA 50 ML,,,,,,NEW STETIC,0,0,,$66.045,$82.000,"1,19",$74.000,"0,24",$0
Encerador electrico,,,,0,0,importado,,3,,$138.000,$370.000,,,,
ENCUBADORA ,,,,0,,RAMON ,,,,$298.000,$380.000,,,"0,28",$0
Endo explorador conducto Delta instrumental,EXDG16,,,0,,DELTA ,14,,,$65.559,$105.000,,,"0,60",$0
Endo frost spray 200ML ,47205 x 6,,pedi nov 6,0,5,ultradental ,,0,,$56.645,$75.000,,$62.000,"0,32",$283.226
Endo ice  spray 200ML ,,,,0,0,RAMON SOCCIDENTALES ultradental,,,,$53.407,$75.000,,$62.000,"0,40",$0
ENDO RAY  - posicionador DE COLORES,,,,0,0,IMPORTADA,,,, $74.341,$160.000,,$145.000,"1,15",$0
ENDO RAY  - posicionador mailefer,,AGOTADO,descontinuado,0,,Dentsplay Ramon ,,,,$105.000,$120.000,,,"0,14",$0
ENDOCONTAINER ALUMINIO REDONDO,,,,0,0,AQUILES    ,,0,,$10.000,$18.000,,,"0,80",$0
ENDOCONTAINER COLOR PEQUEÑO,,,,0,0,IMPORTADA,,MORADO 1 ROJO 2 AZUL 1,,$15.449,$60.000,,,"2,88",$0
ENDOCONTAINER LIMA Y CONOS COLOR GRANDE,,,,0,0,IMPORTADA,,,, $73.566,$145.000,,,"0,97",$0
ENDOCONTAINER METALICO ,,,,0,,RAMON aquiles allexiño,,,,$20.200,$32.000,,,"0,58",$0
Enhance  CONICAS,,,,0,,Dentsplay IMPORTADA RAMON,,,,$4.499,$12.000,,,"1,67",$0
Enhance  COPAS,,,,0,,Dentsplay IMPORTADA RAMON,,,,$4.499,$12.000,,,"1,67",$0
Enhance  Lenteja,,,,0,,RAMON IMPORTADA,,,,$4.499,$12.000,,,"1,67",$0
Enhebradores plasticos X PAQUETE,,,,0,0,ZENDENT DENTOLINE,,80,,$3.050,$5.000,,,"0,64",$0
Enna Fluida ,,,,0,0,ABRAHAM,,0,,$11.400,$17.000,,,"0,49",$0
Enna resina compuesta,,,,0,0,ABRAHAM,,0,,$50.300,$65.000,EXC,,"0,29",$0
ESPACIADOR DIGITAL caja x4 Mailefer No 25 B rojo,,Endo kit 23,,0,,Dentsplay Ramon ,,,,$15.000,$22.000,,,"0,47",$0
ESPACIADOR DIGITAL CajaX4 Mailefer No 20 Amari,,Endo kit 23,,0,,Dentsplay Ramon ,,,,$15.000,$22.000,,,"0,47",$0
ESPACIADOR DIGITAL Mailefer No 30 azul,,,,0,,Dentsplay Ramon ,,,,$15.000,$22.000,,,"0,47",$0
Espaciador manual (endodoncia),,,,0,,RAMON,,,,$2.600,$4.000,,,"0,54",$0
Espatula de cemento plastica instrumental,,,,0,0,UPEGUI,,100,,$1.900,$4.000,,,"1,11",$0
ESPATULA EN ZIRCONIO PARA MEZCLA DE PORCELANA BK,,,,0,0,Masterdent,,0,,$250.000,$375.000,,,"0,50",$0
ESPATULA PARA PREPARACION DE OPACOS BK,,,,0,0,Masterdent,,0,,$41.000,$61.500,,,"0,50",$0
ESPATULA PARA TALLAR PORCELANABK,,,,0,0,Masterdent,,0,,$62.000,$93.000,,,"0,50",$0
espatula pared GRANDE  3  pulgadas  COD 6398,,,,0,,CENTRO HOYOSTOOL,,,,$2.300,$6.000,,,"1,61",$0
espatula pared PEQUEÑA 2.5 COD 6399 ò 6397,,,,0,,CENTRO HOYOSTOOL,,,,$1.986,$5.500,,,"1,77",$0
Espatula Plastica de Alginato Zendent,,,,0,0,ZENDENT DYMA,,134,,$1.200,$2.000,,,"0,67",$0
Espatula plastica para alginato (NO NARANJA NI VERDE),650-20x13,,,,0,UPEGUI /AQUILES jorge DYMA ,0,,,$1.131,$2.000,,,"0,77",$0
espatula titaniun Delta instrumental ANTER - POSTER  ref# 1,TNCIGFT2,,,1,,DELTA ,2,,,$89.131,$115.000,,$99.000,"0,29",$0
espatula titaniun Delta instrumental ANTER - POSTER ref# 2,TNCIPCM,,,1,,DELTA ,2,,,$89.131,$115.000,,$99.000,"0,29",$0
espatula titaniun Delta instrumental ANTERIOR  ref# 3,TNCCI1,walbin E,,1,,DELTA ,2,,,$89.131,$115.000,,$99.000,"0,29",$0
espatula titaniun Delta instrumental ANTERIOR  ref# 4,TNCCI1S,walbin 24,,3,,DELTA ,0,,,$89.131,$115.000,,$99.000,"0,29",$0
espatula titaniun Delta instrumental ANTERIOR  ref# 5,TNCCI2,AGOTADO,,3,,DELTA ,0,,,$89.131,$115.000,,$99.000,"0,29",$0
espatula titaniun Delta instrumental INTERPROXIMAL ref# 6,TNCPFI5,,,0,,DELTA,3,,,$89.131,$115.000,,$99.000,"0,29",$0
espatula titaniun Delta instrumental INTERPROXIMAL ref# 7,TNCIGFTMI1,AGOTADO,,3,,DELTA ,0,,,$89.131,$115.000,,$99.000,"0,29",$0
espatula titaniun Delta instrumental INTERPROXIMAL ref# 8,TNCIGFTMI3,walbin E,,3,,DELTA ,0,,,$89.131,$115.000,,$99.000,"0,29",$0
espatula titaniun Delta instrumental INTERPROXIMAL ref# 9,TNCVIPC,walbin 24,,2,,DELTA ,1,,,$89.131,$115.000,,$99.000,"0,29",$0
espatula titaniun Delta instrumental POSTERIOR ref# 10,TNBBDH,,,2,,DELTA ,0,,,$89.131,$115.000,,$99.000,"0,29",$0
espatula titaniun Delta instrumental POSTERIOR ref# 11,TNPFIG4/5,AGOTADO,,1,,DELTA ,2,,,$89.131,$115.000,,$99.000,"0,29",$0
ESPEJO CURVO,,,,0,0,IMPORTADA,,10,,$25.830,$90.000,,,,
Espejo DOBLE Luna instrumental basico Delta,MIRCSD16,AGOTADO,,0,,DELTA ,0,,,$44.253,$95.000,,,"1,15",$0
Espejo facial  cuadrado colores ,,BORRAR,,0,,CENTRO 40mil,,,,$6.000,$6.000,,,"0,00",$0
"Espejo facial  redondo colores rosa,morado,azul ",,,,0,,CENTRO 40mil,,,,$4.000,$8.000,,,"1,00",$0
Espejo facial Gris  Trans,,,,0,,CENTRO,,,,$2.000,$10.000,,,"4,00",$0
Espejo facial Muelita,,,,20,0,Aquiles,,10,,$11.900,$15.000,,,"0,26",$0
Espejo juego para foto KIT X4,,,,0,0,IMPORTADA,,2,,$51.618,$100.000,,$70.000,"0,94",$0
Espejo juego para foto KIT X5,,,,0,0,IMPORTADA,,9,,$42.210,$120.000,,,"1,84",$0
Espejo para foto muela Grande,,,pedir ,0,100,Bertulio,,30,,$2.200,$6.000,,$4.000,"1,73",$220.000
Espejo para foto muela pequeño,,,,0,0,Bertulio,,140,,$2.200,$6.000,,$4.000,"1,73",$0
Espejo para foto zapato Grande ,,,pedir ,0,50,Bertulio,,60,,$2.200,$6.000,,$4.000,"1,73",$110.000
Espejo para foto zapato pequeño,,,,0,0,Bertulio,,100,,$2.200,$6.000,,$4.000,"1,73",$0
Espejo SOLO LUNA instrumental basico Delta,MIR5D16,BASICO,,0,,DELTA ,0,,,$22.551,$35.000,,,"0,55",$0
espuma x metro,,,,0,,CENTRO WASHINGTON,,,,$400,$1.500,,,"2,75",$0
ESTEMP NE spident tembond 2jeringas x 10gr,,,,0,0,SOCCIDENTALES,,0,,$56.320,$80.000,,,"0,42",$0
Estrella posicionadora para ortodoncia,,,,0,0,no,,0,,$2.000,$10.000,,,"4,00",$0
ESTUCHE DISECCION EN KIT ,,,,0,0,Aquiles ,,0,,$27.846,$40.000,,,"0,44",$0
Estuche Jeringa cocodrilo angelus,,,,0,0,ABRAHAM,,1,,$22.480,$28.000,,,"0,25",$0
estuche para radiografia caja CAJA,,,,0,,RAMON AQUILES,,,,$500,$1.000,,,"1,00",$0
Estuche PKT DELTA por 5 unidades color,,,,0,,DELTA ,3,,,$273.819,$320.000,,,"0,17",$0
Eucida Advanced  Solución desinfectante de dispositivos médicos superficie 240ML,,,,0,0,RAMON EUFAR,,,07-2027,$12.285,$18.000,,,"0,47",$0
EUGENOL EUFAR 15ml,,,,0,0,eufar,,,,$10.985,$16.000,,,"0,46",
EUGENOL X 15 ML proquident,"PROQUIDENT $13101 //  EUFAR $10,985",,,,,PROQUIDENT,,4,06-2026,$13.101,$18.000,,,"0,37",$0
EUGENOL X 7 ML prodont,PRODONT  ,,,15,0,PRODONT  ,,0,02-2027,$8.970,$12.000,,,"0,34",$0
Explorador instrumental basico  Delta,EXD5,BASICO,,0,,DELTA ,0,,,$56.664,$95.000,,,"0,68",$0
eyector de conducto metalico,aquiles $6783 Gina  $6700,,,0,,JORGE aquiles,,35,,$6.783,$12.000,,,"0,77",$0
EYECTOR DE SALIVA  surtidos  (NO ENVIAR NARANJA),"(ENE/25) NEW STETIC $17017/ IMPORQ $11,000 / LA MUELA $14,500 / daza $12,971",PDTE,,,,NEW STETIC IMPORQ QUIRUDENT,0,,,$17.017,$24.000,,new stetic 20000,"0,41",$0
FACTUREROS,,,,0,,CENTRO PAPELERIA,,,,$702,$1.500,,,"1,14",$0
FELPA 3X35,242001,,,0,0,Masterdent AQUILES,,0,,$4.500,$7.000,,,"0,56",$0
FELPA 4X40,242002,,,0,0,Masterdent AQUILES,,13,,$6.897,$10.000,,,"0,45",$0
FELPA 4x50,242003,,,0,0,Masterdent AQUILES,,10,,$5.300,$7.000,,,"0,32",$0
FELPA PEQUENA PARA CONTRA ANGULO,IMPORTADO 1433,,,0,0,IMPORTADA,,30,,$1.433,$14.000,,$9.000,"8,77",$0
FELPA PEQUEÑA DE FIELTRO DURA PAQ X 20,241017,,,0,0,Masterdent AQUILES,,30,,$829,$2.000,,,"1,41",$0
FIBRA METAL REPUESTO PARA LAMPARA I-LED MAX woopecker,,$321.300,,0,0,DAZA,,4,,$321.300,,,,"-1,00",$0
FIBRA PARA LAMPARA,,,,0,0,IMPORTADA,,10,,$90.000,$90.000,,,"0,00",$0
fix RESINA  ortodoncia 2.5ml,ortho $35000,,,0,0,SOCCIDENTALES CLAUDIA ortho prof,,3,,$47.430,$78.000,EXC,$48.000,"0,64",$0
flameador,upegui 7800,,,0,0,jorge -AQUILES -upegui,,11,,$7.800,$12.000,,,"0,54",$0
fluofar chicle x 240 ml,EUFAR 12299 AQUILES 13566,,,0,0,AQUILES EUFAR,,4,,$12.299,$18.000,,,"0,46",$0
fluor  fluofar neutro 240 ML ,AQULIES $22848,,,0,0,ramon-aquiles  - eufar - proquident,,0,,$25.448,$35.000,,,"0,38",$0
fluor neutro 50 ML,EUFAR 11525 proquident 8935,,,0,0,ramon-aquiles PROQUIDENT EUFAR,,6,1/10/2026 12-2026 4-2028,$11.525,$15.000,,,"0,30",$0
formaletas plasticas  L,DYMA $5236 aquiles $6783,,,0,10,aquiles DYMA,,8,,$7.259,$11.000,,,"0,52",$72.590
formaletas plasticas M,DYMA $5236 aquiles $6783,,pedir dyma,0,6,aquiles DYMA,,10,,$7.259,$11.000,,,"0,52",$43.554
formaletas plasticas S,DYMA $5236 aquiles $6783,,,0,0,aquiles DYMA,,14,,$7.259,$11.000,,,"0,52",$0
FORMALETAS SILICONADAS SURTIDAS caja x 6,249014,,,0,0,Masterdent,,0,,$3.120,$3.500,,,"0,12",$0
FORMAS PLASTICAS ANTERORES Y POSTERIORES 1912 CAJA,,,,0,0,IMPORTADA,,5,,$43.730, $224.000,,,"4,12",$0
FORMAS PLASTICAS ANTERORES Y POSTERIORES 1913 X UNIDAD,,,,0,0,IMPORTADA,,5,,$364, $7.000,,,"18,21",$0
FORMAS PLASTICAS PEDIATRICAS # 11,,,,0,0,IMPORTADA,,5,,$1.108,$7.000,,,"5,32",$0
FORMAS PLASTICAS PEDIATRICAS # 12,,,,0,0,IMPORTADA,,0,,$4.656,$7.000,,,"0,50",$0
FORMAS PLASTICAS PEDIATRICAS # 13,,,,0,0,IMPORTADA,,0,,$4.656,$7.000,,,"0,50",$0
FORMAS PLASTICAS PEDIATRICAS # 21,,,,0,0,IMPORTADA,,0,,$4.656,$7.000,,,"0,50",$0
FORMAS PLASTICAS PEDIATRICAS # 22,,,,0,0,IMPORTADA,,0,,$4.656,$7.000,,,"0,50",$0
FORMAS PLASTICAS PEDIATRICAS # 23,,,,0,0,IMPORTADA,,0,,$4.656,$7.000,,,"0,50",$0
FORMAS PLASTICAS PEDIATRICAS # 31,,,,0,0,IMPORTADA,,0,,$4.656,$7.000,,,"0,50",$0
FORMAS PLASTICAS PEDIATRICAS # 32,,,,0,0,IMPORTADA,,0,,$4.656,$7.000,,,"0,50",$0
FORMAS PLASTICAS PEDIATRICAS # 41,,,,0,0,IMPORTADA,,0,,$4.656,$7.000,,,"0,50",$0
FORMAS PLASTICAS PEDIATRICAS # 42,,,,0,0,IMPORTADA,,0,,$4.656,$7.000,,,"0,50",$0
Formol X 250 ML ,,,,0,,CENTRO,,,,$1.500,$3.000,,,"1,00",$0
FOSFATO DE ZINC oxifosfato LEE SMITH,aquiles $32800 DYMA $26500,,PEDIR DYMA,0,,RAMON DORA AQUILES dyma,,,,$28.000,$35.000,EXC,,"0,25",$0
FOSFATO DE ZINC oxifosfato SELECTO DENT,,,,0,0,daza,,0,,$10.500,$15.000,,,"0,43",$0
FP3 plastico instrumental ,1300-20 x 13,,,0,,RAMON-upegui ,,,,$1.390,$4.000,,,"1,88",$0
FP3 teflon Espatula Resina instrumental Delta  ref# 12,TNPFIW3,,,0,,DELTA ,5,,,$89.131,$115.000,,$99.000,"0,29",$0
fresa  zecrya,,CARBURO,,0,0,ULTRADENTAL IMPORTADA,,0,,$12.971,$25.000,,,"0,93",$0
FRESA AZDENT,,,,0,0,IMPORTADA,,,, $402,$4.000,,,"8,94",$0
Fresa carburo 1/2 HP Tallo largo,,CARBURO,,0,,biodentaleS MDS masterdent ramon,,,,$8.161,$18.000,,$14.000,"1,21",$0
Fresa Carburo 169 L,,CARBURO,,0,0,IMPORTADA,,13,,$8.161,$18.000,,$14.000,"1,21",$0
fresa carburo 245  FG Tallo Corto pediatrica,,CARBURO,,0,,biodentaleS MDS  ramon,,,,$8.161,$18.000,,$14.000,"1,21",$0
fresa carburo 330 FG Tallo Corto pediatrica,,CARBURO,,0,,biodentaleS MDS  ramon,,,,$8.161,$18.000,,$14.000,"1,21",$0
fresa carburo 331 FG Tallo Corto,,CARBURO,,0,,biodentaleS MDS  ramon,,,,$8.161,$18.000,,$14.000,"1,21",$0
fresa carburo 331 L FG Tallo Corto,,CARBURO,,0,,biodentaleS MDS  ramon,,,,$8.161,$18.000,,$14.000,"1,21",$0
FRESA CARBURO FG 700  Tallo Corto,,CARBURO,,0,,biodentaleS MDS  ramon,,,,$8.161,$18.000,,$14.000,"1,21",$0
FRESA CARBURO FG 701  Tallo Corto,,CARBURO,,0,,biodentaleS MDS  ramon,,,,$8.161,$18.000,,$14.000,"1,21",$0
FRESA CARBURO FG 702  Tallo Corto,245034,CARBURO,,0,,biodentaleS MDS  ramon,,,,$8.161,$18.000,,$14.000,"1,21",$0
FRESA CARBURO FG 703  Tallo Corto,245035,CARBURO,,0,,biodentaleS MDS  ramon,,,,$8.161,$18.000,,$14.000,"1,21",$0
FRESA CARBURO HP 700 Tallo Largo,245032,CARBURO,,0,,biodentaleS MDS masterdent ramon,,,,$6.378,$18.000,,$14.000,"1,82",$0
FRESA CARBURO HP 701 Tallo Largo,245033,CARBURO,,0,,biodentaleS MDS masterdent ramon,,,,$6.378,$18.000,,$14.000,"1,82",$0
FRESA CARBURO HP 702 Tallo Largo,245034,CARBURO,,0,,biodentaleS MDS masterdent ramon,,,,$6.378,$18.000,,$14.000,"1,82",$0
FRESA CARBURO HP 703 Tallo Largo,245035,CARBURO,,0,,biodentaleS MDS masterdent ramon,,,,$6.378,$18.000,,$14.000,"1,82",$0
fresa carburo N° 1 FG  Tallo Corto,,CARBURO,,0,,biodentaleS MDS  ramon,,,,$8.161,$18.000,,$14.000,"1,21",$0
fresa carburo N° 1 HP Tallo largo,,CARBURO,,0,,biodentaleS MDS masterdent ramon,,,,$8.161,$18.000,,$14.000,"1,21",$0
fresa carburo N° 1/2 FG Tallo Corto pediatrica,,CARBURO,,0,,biodentaleS MDS  ramon,,,,$8.161,$18.000,,$14.000,"1,21",$0
fresa carburo N° 1/4 FG Tallo Corto pediatrica,,CARBURO,,0,,biodentaleS MDS  ramon,,,,$8.161,$18.000,,$14.000,"1,21",$0
fresa carburo N° 1P FG Tallo Corto  pediatrica,,CARBURO,,0,,biodentaleS MDS  ramon,,,,$8.161,$18.000,,$14.000,"1,21",$0
fresa carburo N° 2 FG Tallo Corto,,CARBURO,,0,,biodentaleS MDS  ramon,,,,$8.161,$18.000,,$14.000,"1,21",$0
fresa carburo N° 2 HP tallo largo,245037,CARBURO,,0,0,masterdent,,revisar,,$6.378,$18.000,,$14.000,"1,82",$0
fresa carburo N° 2P FG Tallo Corto pediatrica,,CARBURO,,0,,biodentaleS MDS  ramon,,,,$8.161,$18.000,,$14.000,"1,21",$0
fresa carburo N° 3  FG Tallo Corto,,CARBURO,,0,,biodentaleS MDS  ramon,,,,$8.161,$18.000,,$14.000,"1,21",$0
fresa carburo N° 3  HP Tallo largo,,CARBURO,,0,,biodentaleS MDS masterdent ramon,,,,$8.161,$18.000,,$14.000,"1,21",$0
fresa carburo N° 3P FG Tallo Corto pediatrica,,CARBURO,,0,,biodentaleS MDS  ramon,,,,$8.161,$18.000,,$14.000,"1,21",$0
fresa carburo N° 4 FG  Tallo Corto,,CARBURO,,0,,biodentaleS MDS  ramon,,,,$8.161,$18.000,,$14.000,"1,21",$0
fresa carburo N° 4 HP tallo largo,245039,CARBURO,,0,,biodentaleS MDS masterdent ramon,,,,$6.378,$18.000,,$14.000,"1,82",$0
fresa carburo N° 5 FG Tallo Corto  ,,CARBURO,,0,,biodentaleS MDS  ramon,,,,$8.161,$18.000,,$14.000,"1,21",$0
fresa carburo N° 5 HP tallo largo,,CARBURO,,0,,biodentaleS MDS masterdent ramon,,,,$8.161,$18.000,,$14.000,"1,21",$0
fresa carburo N° 6 FG  Tallo Corto,,CARBURO,,0,,biodentaleS MDS  ramon,,,,$8.161,$18.000,,$14.000,"1,21",$0
fresa carburo N° 6 HP tallo largo,245041,CARBURO,,0,,biodentaleS MDS masterdent ramon,,,,$6.378,$18.000,,$14.000,"1,82",$0
fresa carburo N° 7 FG tallo corto,,CARBURO,,0,,biodentaleS MDS  ramon,,,,$8.161,$18.000,,$14.000,"1,21",$0
fresa carburo N° 7 HP tallo largo,,CARBURO,,0,,biodentaleS MDS masterdent ramon,,,,$8.161,$18.000,,$14.000,"1,21",$0
fresa carburo N° 8 FG   Tallo Corto,,CARBURO,,0,,biodentaleS MDS  ramon,,,,$8.161,$18.000,,$14.000,"1,21",$0
fresa carburo N° 8 HP tallo largo,245043,CARBURO,,0,,biodentaleS MDS masterdent ramon,,,,$6.378,$18.000,,$14.000,"1,82",$0
Fresa contorno anatomico 893H,,,,0,0,DENTAL SUPPLIER,,100,,$2.800,$12.000,,,"3,29",$0
FRESA CONTORNO ANATOMICO AMARILLA 893EF -023 JOTA,,walbin,,,,jota new stetic,0,,,$11.305,$16.000,,,,
Fresa de diamante jota ,$64.000,walbin,,,,NEW STETIC,0,,,$10.710,$16.000,,,"0,49",$0
FRESA DESGASTE Y ACABADO AMARILLA 820EF -031 JOTA,,walbin,,,,jota new stetic,0,,,$11.305,$16.000,,,,
Fresa Diamante Alpen redonda,,,,0,0,ULTRADENTAL,,,,$13.628,$18.000,,,"0,32",$0
Fresa diamante Interproximal - strauss,,,,0,0,ABRAHAM,,10,,$10.670,$14.000,,,"0,31",$0
Fresa diamante punta activa - strauss,,,,0,0,ABRAHAM,,,,$10.670,$14.000,,,"0,31",$0
Fresa diamante talla - strauss,,,,0,0,ABRAHAM,,,,$10.670,$14.000,,,"0,31",$0
FRESA DIATECH COLTENE,,,,0,0,ULTRADENTAL ,,,,$10.710,$18.000,,$14.000,"0,68",$0
Fresa Endo Z Angelus ,,,,0,0,abraham,,,,$22.230,$28.000,,,"0,26",$0
FRESA ENDO Z IMPORTADA,,CARBURO,,0,0,ULTRADENTAL IMPORTADA,,,,$13.090,$25.000,,$20.000,"0,91",$0
Fresa Endo Z Jota ,,,,,,NEW STETIC,0,,,$29.155,$46.000,,,"0,58",$0
FRESA ENDO Z MAILLEFER,,Endo kit 23,,0,,dentsplay ramon,,,,$45.339,$56.000,,,"0,24",$0
FRESA LLAMA AMARILLA 830EF.FG.021 JOTA,,walbin,,,,jota new stetic,0,,,$10.710,$16.000,,,,
FRESA LLAMA AMARILLA 862F.FG.014 JOTA,,walbin,,,,jota new stetic,0,,,$10.710,$16.000,,,,
FRESA LLAMA ROJA 830F.FG.023 JOTA ,,walbin,,,,jota new stetic,0,,,$10.710,$16.000,,,,
FRESA LLAMA ROJA 862EF.FG.014 JOTA,,walbin,,,,jota new stetic,0,,,$10.710,$16.000,,,,
FRESA LN  L N MAILLEFER  CAJA X 6 UNIDAD,,,,0,,Dentsplay IMPORTADA RAMON,,,,$86.430,$102.000,,,"0,18",$0
FRESA MANI,,,,0,0,IMPORTADA,,,,$674,$4.000,,,"4,93",$0
FRESA MULTI HOJAS  JOTA CARBURO FG C375R.018,$50.000,walbin,,,,jota new stetic,0,,,$29.155,$50.000,,,"0,71",$0
fresa para pulir amalgama,,,,0,0,aquiles,,,,$2.500,$3.500,,,"0,40",$0
fresa para pulir amalgama,,,,0,0,Masterdent,,,,$2.500,$3.500,,,"0,40",$0
fresa punto contacto ,,,,0,0,abraham ,,,,$10.670,$14.000,,,"0,31",$0
fresa tambor,,,,0,,ABRAHAM ramon,,,,$1.800,$4.000,,,"1,22",$0
FRESA TRANSMETALICA  847 - 016,,CARBURO,,0,,Ramon / Abraham  IMPORTADA ultradental ,,,,$12.706,$25.000,,$22.000,"0,97",$0
Fresero color 60 huecos,,,,0,,CLAUDIA - RAMON,,,,$21.000,$45.000,,,"1,14",$0
Fresero color autoclavable 30 huecos,LA MUELA $33900 IMPORT $13691,,,0,,CLAUDIA - RAMON la muela IMPORTADO,,,,$14.700,$45.000,,,"2,06",$0
Fresero de color 21 huecos ,,,,0,,CLAUDIA - RAMON,,,,$9.400,$25.000,,,"1,66",$0
fresero jota 42 huecos,,walbin,,,,NEW STETIC,0,,,$55.216,$70.000,,,"0,27",$0
Fresero metalico gris  REDONDO ,,,,0,,RAMON-AQUILES,,,,$10.115,$16.000,,,"0,58",$0
Fresero para gates o pesso color,,,,0,,CLAUDIA - RAMON,,,,$7.200,$20.000,,,"1,78",$0
FUJI 1 CEMENTANTE BLANCO LETRA ROJA,masdental $158900 la muela promo $121500,,,0,,LA MUELA Ramon MasDental,,,11-2026,$121.500,$165.000,exc,$145.000,"0,36",$0
FUJI 2 RESTAURATIVO BLANCO CON VERDE AUTO,promo $121500,,,0,,LA MUELA Ramon MasDental,,,5-2026,$121.500,$165.000,exc,$145.000,"0,36",$0
FUJI 2 RESTAURATIVO CAJA NEGRA FOTO,promo $121500,,,0,,LA MUELA Ramon MasDental,,,,$121.500,$165.000,exc,$145.000,"0,36",$0
FUJI 9 VERDE,promo $121500,,,0,,LA MUELA Ramon MasDental,,,,$121.500,$165.000,exc,$145.000,"0,36",$0
FUJI LINING AZUL  BASE INTERMEDIA ,promo $144675,,,0,,LA MUELA Ramon MasDental,,,,$150.462,$190.000,exc,$170.000,"0,26",$0
FUJI PLUS MULTIPROPOSITO MINI PACK ,promo $161250,,,precio,169312,la muela MASDENTAL ,,0,,$161.250,$220.000,exc,$178.000,"0,36",$27.301.560.000
GAFAS  PROTECTORAS  DE FOTOCURADO ROJAS,muela $7950,,,0,0,Upegui Aquiles,,60,,$11.900,$18.000,,,"0,51",$0
Gafas lupa de aumento blanca electrica recargable,,,,0,0,IMPORTADO,,,,$381.000,$550.000,,,,
GAFAS PACIENTE COLOR COD 813 - 7617 negras ,hoyostool $2500,,,0,,CENTRO HOYOSTOOL,,,,$3.203,$10.000,,,"2,12",$0
Gancho para revelar  1 pata,,,,0,,RAMON JORGE,,,,$2.500,$3.500,,,"0,40",$0
Gancho para revelar 2 patas,,,,0,,RAMON,,,,$3.500,$5.000,,,"0,43",$0
garhox desinfectantes superficies x 3.850 ml GALON,,,,0,1,nuria,,0,,$35.000,$52.000,EXC,,"0,49",$35.000
Gasa estéril ( 10 x 10),,,,0,0,clay ,,,,$627,$1.000,,,"0,59",$0
Gasa estéril ( 7.5 x 7.5) paq x 50,,,,0,0,clay ,,550,,$412,$1.000,,,"1,42",$0
Gasa estéril ( 7.5 x 7.5) paquete x 20,mundial $8000,,,0,5,clay  mundial,,0,,$400,$1.000,,,"1,50",$2.000
GASAS  x 200,,,,0,100,DAZA IMPORQ,,141,06-2027,$3.000,$7.000,,,"1,33",$300.000
Gasas Esteril pte x 2 und caja x 100 ,Allers $216,,,0,0,ALLERS,,,,$197,$1.000,,,"4,08",$0
Gates No 1 CAJA X 6,,,,0,0,ABRAHAM - IMPORTADA,,7,,$7.950,$12.000,,,"0,51",$0
Gates No 2 CAJA X 6,,,,0,0,ABRAHAM - IMPORTADA,,9,,$7.950,$12.000,,,"0,51",$0
Gates No 3 CAJA X 6,,,,0,0,ABRAHAM - IMPORTADA,,1,,$7.950,$12.000,,,"0,51",$0
Gates No 4 UNIDAD,,,,0,0,ABRAHAM - IMPORTADA,,0,,$7.950,$12.000,,,"0,51",$0
Gates No 5 UNIDAD,,,,0,0,ABRAHAM - IMPORTADA,,0,,$7.950,$10.000,,,"0,26",$0
Gates No 6 UNIDAD,,,,0,0,ABRAHAM - IMPORTADA,,0,,$7.950,$12.000,,,"0,51",$0
GEL ANCTIBACTERIAL X 120 ML  BACTERIGEL ,,,,0,0,otro,,0,,$3.800,$6.500,,,"0,71",$0
Gel antibacterial 1000 ml  PROQUIDENT,,,,,,PROQUIDENT,,0,,$6.078,$12.000,,,"0,97",$0
Gel antibacterial 300 ml  PROQUIDENT,,AGOTADO,,,,PROQUIDENT,,0,,$5.561,$9.000,,,"0,62",$0
Gel antibacterial 50 ml brisa fresca PROQUIDENT,,,,,,PROQUIDENT,,8,,$2.125,$3.000,,,"0,41",$0
Gel antibacterial 500 ml  PROQUIDENT,,,,,,PROQUIDENT,,0,,$6.078,$12.000,,,"0,97",$0
GELATAM HEMOSPON  CAJA X 40U,,,,0,0,soccidentales,,1,,$75.440,$125.000,EXC,$98.000,"0,66",$0
GELATAM HEMOSPON tira X 10,,,,0,0,soccidentales,,0,,$31.250,$40.000,EXC,$28.000,"0,28",$0
GELATAM HEMOSPON unidad,,,,0,0,soccidentales,,0,,$3.125,$7.000,EXC,$4.000,"1,24",$0
GELATAMP ROEKO monodosis (x 20),,,,0,0,ultradental,,,,$3.290,$7.000,,,"1,13",$0
GLICERINA porcion,san jorge solo en gotero $2600,,pedir san jorge,0,,DROGUERIA SAN JORGE centro,,,,$500,$2.500,,,"4,00",$0
Glutacides 1000 ml proquident glutaraldehido ,LITRO,,,,,PROQUIDENT,,27,05-2027,$13.059,$18.000,,$16.000,"0,38",$0
Glutacides 3.8 GALON proquident glutaraldehido ,GALON,,,,,PROQUIDENT,,4,,$29.178,$36.000,,,"0,23",$0
GLUTARALDEHIDO BACTIXIDE PRODONT x 500 cc (YA MEZCLADA),MEDIO LITRO,BORRAR,,0,0,PRODONT,,0,,$1,$1,,,"0,00",$0
GLUTARALDEHIDO glutarbio x 500 ml organica,MEDIO LITRO,,,0,20,nuria,,31,02-2026,$10.500,$16.000,EXC,$14.000,"0,52",$210.000
Glutaraldehido x 3.850 ml galon organica  GRANDE ,GALON,AGOTADO,,0,0,nuria,,9,,$25.000,$36.000,EXC,,"0,44",$0
godiva isofuncional rosada GC ,GC ,prono $17185,,0,15,La Muela ,,2,,$18.331,$30.000,,$24.000,"0,64",$274.960
godiva roja x 8,,,,0,0,marleny dentales ID ,,69,,$7.600,$10.000,exc,,"0,32",$0
godiva verde Kerr,gabriel velasq $5607,,,0,0,RAMON Pluss Dent,3,,03-2029,$4.109,$8.000,,$6.000,"0,95",$0
GORRO ANTIFLUIDO BLANCO CON MOÑO  ,,,,0,0,BIOSALUD,,revisar,,$6.000,$15.000,,,"1,50",#REF!
GORRO ANTIFLUIDO BLANCO DE TIRA ,,,,0,0,BIOSALUD,,revisar,,$5.000,$12.000,,,"1,40",$0
GORRO ANTIFLUIDO BLANCO TIRAS  TOALLA,,,,0,0,BIOSALUD,,4,,$8.000,$15.000,,,"0,88",$0
"GORRO ANTIFLUIDO BLANCO, MOÑO TOALLA",,,,0,0,BIOSALUD,,revisar,,$9.000,$18.000,,,"1,00",$0
GORRO ANTIFLUIDO ESTAMPADO CON MOÑO MUJER,,,,0,0,BIOSALUD,,13,,$7.000,$18.000,,,"1,57",#REF!
GORRO ANTIFLUIDO ESTAMPADO DE TIRA HOMBRE,,,,0,0,BIOSALUD,,11,,$6.000,$15.000,,,"1,50",$0
GORRO BLANCO TELA DE TIRA DACRON,NO PEDIR,,,0,0,BIOSALUD,,revisar,,$2.000,$8.000,,,"3,00",$0
gorro BPM X 25 UNIDADES,,,,0,0,clay ,,revisar,,$325,$500,,,"0,54",$0
Gorro desechable  estampado NIÑO,NO PEDIR,,,0,0,BIOSALUD,,revisar,,$350,$1.000,,,"1,86",$0
GORRO DESECHABLE  TIRA AZUL,,,,0,0,BIOSALUD,,revisar,,$350,$500,,,"0,43",$0
GORRO DESECHABLE CON MOÑO AZUL,,,,0,0,BIOSALUD,,revisar,,$1.000,$1.500,,,"0,50",#REF!
GORRO DESECHABLE CON MOÑO BLANCO ,,,,0,0,BIOSALUD,,8,,$1.000,$1.500,,,"0,50",$0
Gorro desechable Resorte Redondo AZUL,,,,0,0,BIOSALUD ,,revisar,,$350,$500,,,"0,43",$0
Gorro desechable Tira BLANCO ,,,,0,0,BIOSALUD ,,31,,$350,$500,,,"0,43",$0
GORRO TIPO ORUGA AZUL PTE X 100,(ENE 25) imporquirugica $100 / new st $137 // biosalud $140 // MUNDIAL azul $9.500,,,,,imporq  new stetic BIOSALUD MUNDIAL,0,,,$137,$500,,,"2,65",$0
gota reveladora ,,,pedir,0,20,gabriel vel,,8,05-2027,$6.188,$8.000,,,"0,29",$123.760
GOTAS REVELADORAS DITONOS,"AQUILES $11,400",,,0,0,EUFAR,,0,,$12.337,$15.000,,,"0,22",
gotero de 20cc para empacar #16 ,,,,0,,centro otorgo,,,,$240,$1.000,,,"3,17",$0
GRAMERA DIGITAL caja gris y negro ,,,,0,0,centro HOYOSTOOL,,,,,$45.000,,,,
Grapa B4 - B 4 COLTENE,,,pedi nov 6,0,10,ULTRADENTAL,,2,,$53.550,$76.000,,,"0,42",$535.500
Grapas  (hufriedy) ,,,,0,,Ramon,,,,$100.000,$145.000,,,"0,45",$0
GRAPAS # 0,,,,0,0,IMPORTADA GRAPA ,,,,$3.016,$10.000,,,"2,32",$0
GRAPAS # 00,,,,0,0,IMPORTADA GRAPA ,,,,$2.936,$10.000,,,"2,41",$0
GRAPAS # 1,,,,0,0,IMPORTADA GRAPA ,,,,$3.016,$10.000,,,"2,32",$0
GRAPAS # 12A,,,,0,0,IMPORTADA GRAPA ,,,,$3.016,$10.000,,,"2,32",$0
GRAPAS # 14,,,,0,0,IMPORTADA GRAPA ,,,,$3.016,$10.000,,,"2,32",$0
GRAPAS # 14A,,,,0,0,IMPORTADA GRAPA ,,,,$3.016,$10.000,,,"2,32",$0
Grapas # 1A ,,,,0,0,IMPORTADA GRAPA ,,,,$3.016,$10.000,,,"2,32",$0
GRAPAS # 2,,,,0,0,IMPORTADA GRAPA ,,,,$3.016,$10.000,,,"2,32",$0
Grapas # 200,,,,0,0,IMPORTADA GRAPA ,,,,$3.016,$10.000,,,"2,32",$0
Grapas # 201,,,,0,0,IMPORTADA GRAPA ,,,,$4.000,$10.000,,,"1,50",$0
Grapas # 202,,,,0,0,IMPORTADA GRAPA ,,,,$3.016,$10.000,,,"2,32",$0
Grapas # 203,,,,0,0,IMPORTADA GRAPA ,,,,$3.016,$10.000,,,"2,32",$0
Grapas # 204,,,,0,0,IMPORTADA GRAPA ,,,,$3.016,$10.000,,,"2,32",$0
Grapas # 205,,,,0,0,IMPORTADA GRAPA ,,,,$3.016,$10.000,,,"2,32",$0
Grapas # 206,,,,0,0,IMPORTADA GRAPA ,,,,$3.016,$10.000,,,"2,32",$0
Grapas # 207,,,,0,0,IMPORTADA GRAPA ,,,,$3.016,$10.000,,,"2,32",$0
Grapas # 208,,,,0,0,IMPORTADA GRAPA ,,,,$3.016,$10.000,,,"2,32",$0
Grapas # 209,,,,0,0,IMPORTADA GRAPA ,,,,$3.016,$10.000,,,"2,32",$0
Grapas # 210 ,,,,0,0,IMPORTADA GRAPA ,,,,$3.016,$10.000,,,"2,32",$0
Grapas # 211,,,,0,0,IMPORTADA GRAPA ,,,,$3.016,$10.000,,,"2,32",$0
Grapas # 212,,,,0,0,IMPORTADA GRAPA ,,,,$3.016,$10.000,,,"2,32",$0
Grapas # 2A,,,,0,0,IMPORTADA GRAPA ,,,,$3.016,$10.000,,,"2,32",$0
GRAPAS # 3,,,,0,0,IMPORTADA GRAPA ,,,,$2.936,$10.000,,,"2,41",$0
GRAPAS # 6,,,,0,0,IMPORTADA GRAPA ,,,,$4.000,$10.000,,,"1,50",$0
GRAPAS # 7,,,,0,0,IMPORTADA GRAPA ,,,,$3.016,$10.000,,,"2,32",$0
GRAPAS # 7A,,,,0,0,IMPORTADA GRAPA ,,,,$3.016,$10.000,,,"2,32",$0
GRAPAS # 8,,,,0,0,IMPORTADA GRAPA ,,,,$3.016,$10.000,,,"2,32",$0
GRAPAS # 8A,,,,0,0,IMPORTADA GRAPA ,,,,$2.936,$10.000,,,"2,41",$0
Grapas # 9,,,,0,0,IMPORTADA GRAPA ,,,,$3.016,$10.000,,,"2,32",$0
GRAPAS # 9 marip,,,,0,0,IMPORTADA GRAPA ,,,,$3.016,$10.000,,,"2,32",$0
GRAPAS # W 3,,,,0,0,IMPORTADA GRAPA ,,,,$3.016,$10.000,,,"2,32",$0
GRAPAS # W14A,,,,0,0,IMPORTADA GRAPA ,,,,$3.016,$10.000,,,"2,32",$0
GUANTE LATEX L X10,,,,0,0,,,12,,,,,,,
"Guantes Esteril 6,5 x caja ",new stetic $1095  ALLERS $1428 MUNDIAL X50 $840,,,,,ALLERS- RAMON - new stetic MUNDIAL,0,,,$1.884,$3.000,,,"0,59",$0
Guantes Esteril 7 x caja ,new stetic $1452 Allers $1428,,,,,ALLERS- RAMON - new stetic MUNDIAL,0,,,$1.884,$3.000,,,"0,59",$0
"Guantes Esteril 7,5 x caja ",Allers $1428,,,,,ALLERS- RAMON - new stetic MUNDIAL,0,,,$1.884,$3.000,,,"0,59",$0
Guantes Esteril 8 x caja ,new stetic $1452 Allers $1428,,,,,ALLERS- RAMON - new stetic MUNDIAL,0,,,$1.884,$3.000,,,"0,59",$0
Guantes genérico biofit POLLO ,,,,0,,clay centro,,,,$1.133,$4.000,,,"2,53",$0
Guantes genérico biofit POLLO ,,,,0,0,Representaciones lastra,,,,$1.887,$4.000,,,"1,12",$0
Guantes latex M,"(ABR/25) Abraham $15,232 // la muela $14,756// Gab Vel $14000// Daza $16,374 //New Stetic $14,756//mundial $12,500",,,,,NEW STETIC LA MUELA ABRAHAM DAZA GAB VEL RAMON MUNDIAL,0,,,$14.280,$24.000,,$18.000,"0,68",$0
Guantes latex S,"(ABR/25) Abraham $15,232 // la muela $14,756// Gab Vel $14000// Daza $16,374 //New Stetic $14,756//mundial $12,500",,,,,NEW STETIC LA MUELA ABRAHAM DAZA GAB VEL RAMON MUNDIAL,0,,,$14.280,$24.000,,$18.000,"0,68",$0
Guantes latex XS,"(ABR/25) Abraham $15,232 // la muela $14,756// Gab Vel $14000// Daza $16,374 //New Stetic $14,756//mundial $12,500",,,,,NEW STETIC LA MUELA ABRAHAM DAZA GAB VEL RAMON MUNDIAL,0,,,$14.280,$24.000,,$18.000,"0,68",$0
GUANTES NITRILO M,"(abr/25) Daza $// New Stetic $14,994// Muela $17,300// Abraham $21,250//Mundial azul $13,500 negro $15,5000 rosado y morado $20.000",,,,,NEW STETIC LA MUELA ABRAHAM DAZA GAB VEL RAMON MUNDIAL,0,,,$21.250,$30.000,,,"0,41",$0
GUANTES NITRILO S ,"(abr/25) Daza $// New Stetic $14,994// Muela $17,300// Abraham $21,250//Mundial azul $13,500 negro $15,5000 rosado y morado $20.000",,,,,NEW STETIC LA MUELA ABRAHAM DAZA GAB VEL RAMON MUNDIAL,0,,,$21.250,$30.000,,,"0,41",$0
GUANTES NITRILO XS ,"(abr/25) Daza $// New Stetic $14,994// Muela $17,300// Abraham $21,250//Mundial azul $13,500 negro $15,5000 rosado y morado $20.000",,,,,NEW STETIC LA MUELA ABRAHAM DAZA GAB VEL RAMON MUNDIAL,0,,,$21.250,$30.000,,,"0,41",$0
Guantes para lavar ,,,,0,0,cento D1,,S 10 M 12 L 19 XL 5,,$3.300,$5.000,,,"0,52",$0
Guantes Pollo X Par unidad,,,,0,,CENTRO LIMPIA HOGAR,,,,$50,$300,,,"5,00",$0
guia colores BIODENT,,,,,,New Stetic,0,,,$3.927,$7.000,,$6.000,"0,78",$0
Guia ivoclar ,,,,,,masdental emma EURODENT,,0,,$380.000,$550.000,,,"0,45",$0
guia ivoclar bleach,,,,0,0,emma,,,,$235.000,$320.000,,,,
guia vita ,,,,0,0,IMPORTADA,,2,,$380.000,$550.000,,$490.000,"0,45",$0
gutapercha barra (SOLO LA BLANCA) x 30 caja ,,,,0,0,aquiles,,2,,$41.650,$3.500,,,"-0,92",$0
gutapercha barra (SOLO LA BLANCA) x unidad,,,,0,0,aquiles,,60,,$1.319,$3.500,,,"1,65",$0
hemofar sulfato ferrico EUFAR,,,,0,0,Gabriel Velasquez Eufar ,,2,03-2027,$10.985,$18.000,,,"0,64",$0
Hemostatico Cloruro de aluminio x 15 ml hemodent proquident,,subio 12757 ,,,,RAMON  proquident,,14,,$12.757,$18.000,EXC,$15.000,"0,41",$0
Hemostatico Cloruro de aluminio x 7ml hemodent prodont,,,,12,,RAMON PRODONT ,,,1/6/2026 01-2027,$9.638,$14.000,EXC,$11.000,"0,45",$0
"Hemostatico viscostat clear cloruro de aluminio jeringa transparente 1,2ml",GABRIEL VELASQ 16380,PRECIO 20 MAYO,17301,0,,Ramon Pluss Gab vel,4,,,$16.995,$26.000,,,"0,53",$0
"Hemostatico viscostat sulfato ferrico jeringa cafe de 1,2ml ",,,,0,0,Gabriel Vel pluss ,1,5,,$14.500,$26.000,,,"0,79",$0
Hexitec clorhexidinal clorexol,,,,0,12,nuria,,0,,$22.610,$28.000,,,"0,24",
hidroxcal hidroxido de calcio FOTOCURADO 2gm,,,,0,0,SOCCIDENTALES CLAUDIA,,2,,$33.478,$48.000,,,"0,43",$0
hidroxido de calcio KERR regular set life kikal dycal  ,29674,,,1,0,Pluss Dent GAB VEL,1,0,,$69.900,$89.000,,$79.000,"0,27",$0
HIDROXIDO DE CALCIO X 10 gm prodont,,actualizar 4297,,0,0,RAMON-PROQUIDENT-PRODONT Aquiles Eufar,,,05-2027,$7.961,$8.000,,,"0,00",$0
HIDROXIDO DE CALCIO X 7gm proquident ,,,,0,0,RAMON-PROQUIDENT-PRODONT Aquiles Eufar,,20,,$5.114,$8.000,EXC,,"0,56","0,00"
hilo para sutura 50 mts 3/0 silk carrete,,,,0,0,ALLERS,,0,,$17.136,$23.000,,,"0,34",$0
Hilo para sutura 50 mts 4/0 silk carrete,,,,0,0,ALLERS,,0,,$18.445,$23.000,,,"0,25",$0
Hilo para sutura x yardas 3/0 (tarro) carrete 10 MT,aquiles 2998,,,0,,ramon Jorge aquiles,,,,$3.165,$8.000,,,"1,53",$0
Hilo para sutura x yardas 4/0 (tarro) carrete 10 MT,aquiles 2998,,,0,,ramon Jorge aquiles,,,,$3.165,$8.000,,,"1,53",$0
hilo retractor  # 00 CON HEMOSTATICO PROQUIDENT,,,,,,PROQUIDENT,,0,06-2025,$11.000,$17.000,,,"0,55",$0
Hilo retractor  00 no impregnado maquira,,,,0,0,SOCCIDENTALES CLAUDIA,,0,,$32.500,$50.000,,,"0,54",$0
Hilo retractor  000 no impregnado maquira,,,,0,0,SOCCIDENTALES CLAUDIA,,0,,$32.500,$50.000,,,"0,54",$0
hilo retractor  CON HEMOSTATICO # 1  Sure Cord,,,,,,JULVIDENT,,3,09-2025,$48.000,$64.000,,$54.000,"0,33",$0
hilo retractor  CON HEMOSTATICO # 2  Sure Cord,,,,,,JULVIDENT,,4,,$48.000,$64.000,,$54.000,"0,33",$0
hilo retractor #0 CON HEMOSTATICO  1/0 Sure Cord,,,,,,JULVIDENT,,6,11-2026,$48.000,$64.000,,$54.000,"0,33",$0
hilo retractor 00 CON HEMOSTATICO 2 / 0 Sure Cord,,,,,,JULVIDENT,,40,11-2026,$48.000,$64.000,,$54.000,"0,33",$0
hilo retractor 000 CON HEMOSTATICO 3 / 0 Sure Cord,,,,,,JULVIDENT,,45,1/9/2026 02-2027,$48.000,$64.000,,$54.000,"0,33",$0
Hilo retractor ultra pack # 0 por 244cm ,,,,0,0,Gabriel Vel pluss clau,1,3,,$54.613,$85.000,EXC,$62.000,"0,56",$0
Hilo retractor ultra pack # 00 por 244cm ,,,,0,0,Gabriel Vel pluss clau,1,2,,$54.613,$85.000,exc,$62.000,"0,56",$0
Hilo retractor ultra pack # 000 por 244cm ,,,,0,0,Gabriel Vel pluss clau,3,1,,$54.613,$85.000,EXC,$62.000,"0,56",$0
Hilo retractor ultra pack # 1 por 244cm ,,,,0,0,Gabriel Vel pluss clau,0,0,,$54.613,$85.000,EXC,,"0,56",$0
Hilo sutura polamida cod DS24 ,,,,0,0,ALLERS,,0,,$4.600,$8.000,,,"0,74",$0
HIPOCLORITO AL 1% X 120 ML ,,,,2,,RAMON PRODONT ,,,,$4.935,$8.000,exc,,"0,62",$0
HIPOCLORITO AL 5 % X 120 ML ,PROQUID $3370 // PRODONT $5095,,,15,20,PRODONT ,,4,,$5.095,$8.000,exc,,"0,57",$101.900
HIPOCLORITO AL 5 % X 120 ML ZONIDENT,PROQUID $4040 // PRODONT $4594,,,,,PROQUIDENT,,55,06-2026,$4.040,$8.000,exc,,"0,98",$0
Hoja de Bisturi 15c  Braum unidad,,AGOTADO,,0,0,ALLERS,,0,,$775,$1.500,,,"0,94",$0
HOJA DE SEGUETA SIERRAS 128mm NEY,,,,0,0,Masterdent AQUILES,,9,,$2.380,$4.000,,,"0,68",#REF!
Hojas de bisturi # 11  x Caja,,,,0,0,abraham - IMPORQ DTM,,,04-2028,$25.000,$38.000,,$32.000,"0,52",$0
Hojas de bisturi # 12  x Caja,,,,0,0,abraham - IMPORQ DTM,,,04-2028,$25.000,$38.000,,$32.000,"0,52",$0
Hojas de bisturi # 15  x Caja,,,,0,0,abraham - IMPORQ DTM,,,12-2028,$25.000,$38.000,,$32.000,"0,52",$0
Hojas de bisturi # 15 C  x Caja ECO,,,,0,5,abraham - IMPORQ DTM,,,12-2028,$25.000,$52.000,,$32.000,"1,08",$125.000
Hu Friedy CALIBRADOR DE CHU,HU FRIEDY,,,0,0,Daza - La Muela ABRAHAM,,,,$257.000,$340.000,,,"0,32",$0
Hu Friedy Cucharilla Hu-Friedy instrumental ,HU FRIEDY daza $177072 abraham $98000,BA,,0,0,Daza - La Muela ABRAHAM,,,,$55.000,$90.000,,,"0,64",$0
Hu-Friedy Cureta Gracey 1/2   instrumental ,HU FRIEDY,DAZA $138050,,0,0,Daza - La Muela ABRAHAM,,,,$138.050,$174.000,,,"0,26",$0
Hu-Friedy Cureta Gracey 11/12   instrumental ,HU FRIEDY,DAZA $138050,,0,0,Daza - La Muela ABRAHAM,,,,$138.050,$174.000,,,"0,26",$0
Hu-Friedy Cureta Gracey 13/14  instrumental ,HU FRIEDY,DAZA $138050,,0,0,Daza - La Muela ABRAHAM,,,,$138.050,$174.000,,,"0,26",$0
Hu-Friedy Cureta Gracey 17/18  instrumental ,HU FRIEDY,DAZA $138050,,0,0,Daza - La Muela ABRAHAM,,,,$138.050,$174.000,,,"0,26",$0
Hu-Friedy Cureta Gracey 3/4   instrumental ,HU FRIEDY,DAZA $138050,,0,0,Daza - La Muela ABRAHAM,,,,$138.050,$174.000,,,"0,26",$0
Hu-Friedy Cureta Gracey 7/8  instrumental ,HU FRIEDY,DAZA $138050,,0,0,Daza - La Muela ABRAHAM,,,,$138.050,$174.000,,,"0,26",$0
Hu-Friedy Cureta Gracey 9/10   instrumental ,HU FRIEDY,DAZA $138050,,0,0,Daza - La Muela ABRAHAM,,,,$138.050,$174.000,,,"0,26",$0
Hu-Friedy Cureta Mc Call  13/14  instrumental ,HU FRIEDY,DAZA $179950,,0,0,Daza - La Muela ABRAHAM,,,,$179.950,$198.000,,,"0,10",$0
Hu-Friedy Cureta Mc Call 17/18  instrumental ,HU FRIEDY,DAZA $179950,,0,0,Daza - La Muela ABRAHAM,,,,$179.950,$198.000,,,"0,10",$0
Hu-Friedy Eplorador  instrumental ,HU FRIEDY daza $93296 abraham $71500,BA,,0,0,Daza - La Muela ABRAHAM,,,,$93.296,$110.000,,,"0,18",$0
Hu-Friedy ESPATULA DE TITANIO TNCIGFT3,HU FRIEDY,,,0,0,Daza - La Muela ABRAHAM,,,,$128.900,$160.000,,,"0,24",$0
Hu-Friedy Espejo completo mango + espejo instrumental,HU FRIEDY,,,0,0,Daza - La Muela ABRAHAM,,,h,$114.000,$145.000,,,"0,27",$0
Hu-Friedy FP3 Teflon TNPFIW3 instrumental ,HU FRIEDY,,,0,0,Daza - La Muela ABRAHAM,,,,$128.900,$170.000,,$150.000,"0,32",$0
Hu-Friedy GRAPAS # 2 ,HU FRIEDY,,,0,0,Daza - La Muela ABRAHAM,,revisar,,$31.500,$45.000,,,"0,43",$0
HU-FRIEDY Jeringa Carpule  ,HU FRIEDY,,,0,0,Daza - La Muela ABRAHAM,,revisar,,$158.000,$230.000,,,"0,46",$0
Hu-Friedy kit basico  CON Sonda instrumental ,HU FRIEDY,,,0,0,Daza - La Muela ABRAHAM,,,,$266.000,$350.000,,,"0,32",$0
Hu-Friedy Kit basico  SIN Sonda  instrumental ,HU FRIEDY,,,0,0,Daza - La Muela ABRAHAM,,,,$210.000,$280.000,,,"0,33",$0
Hu-Friedy Kit grapas x7 RDCSET70424,HU FRIEDY,,,0,0,Daza - La Muela ABRAHAM,,,,$333.200,$440.000,,$390.000,"0,32",$0
Hu-Friedy LUNA Espejo doble  instrumental ,HU FRIEDY daza $44982 abraham $37000,BA,,0,0,Daza - La Muela ABRAHAM,,,h,$37.000,$54.000,,,"0,46",$0
Hu-Friedy LUNA Espejo sencillo  instrumental basico,HU FRIEDY  abraham $20680,BA,,0,0,Daza - La Muela ABRAHAM,,,h,$20.680,$45.000,,,,
Hu-Friedy Mango Espejo instrumental ,HU FRIEDY abraham $77000,BA,,0,0,Daza - La Muela ABRAHAM,,,h,$77.000,$98.000,,,"0,27",$0
Hu-Friedy Pinza algodonera instrumental ,HU FRIEDY daza $84728 abraham $77000,BA,,0,0,Daza - La Muela ABRAHAM,,,,$84.728,$105.000,,,"0,24",$0
Hu-Friedy Sonda Carolina Nte PCPUNC156 ,HU FRIEDY,,,0,0,Daza - La Muela ABRAHAM,,,,$107.900,$160.000,,,"0,48",$0
Hu-Friedy Sonda de Nabers color instrumental ,HU FRIEDY,,,0,0,Daza - La Muela ABRAHAM,,,,$89.000,$140.000,,,"0,57",$0
Hu-Friedy Sonda periodontal BASICO,HU FRIEDY,,,0,0,Daza - La Muela ABRAHAM,,,,$54.000,$90.000,,,"0,67",$0
hydcal hidcal dycal cemento hidroxido calcio pasta pasta ,,,,0,0,SOCCIDENTALES,,1,,$33.440,$48.000,,$42.000,"0,44",$0
indicador biologico BT20,,,,0,,integrom esteripac,,1,,6367,$12.000,,$10.000,"0,88",$0
interlig,,,,,,abraham,,1,,$65.600,$110.000,,,,
Ionomero base intermedia I LINER ,,,,0,0,Gabriel velasquez,,0,,$45.800,$60.000,,,"0,31",$0
ionomero cementante IONGLASS C,COMPRE 49900,,No llego 14 AB,6,0,SOCCIDENTALES,,0,,$52.712,$72.000,EXC,$65.000,"0,37",$0
Ionomero RIVA self cure SDI,,,,0,0,abraham ,,0,,$90.320,$112.000,,,"0,24",$0
"Ionosit Baseliner 0,33 gr. DMG",,,,0,0,abraham ,,2,12-205,$15.400,$19.300,exc,,"0,25",$0
IVOCLEAN,,,,,,masdental emma EURODENT,,0,,$380.000,$460.000,,,"0,21",$0
Jabon antibacterial  320 ML brisa fresca PROQUIDENT,,AGOTADO,,,,PROQUIDENT,,2,,$6.653,$12.000,,,"0,80",$0
Jabon antibacterial  500 ML  PROQUIDENT,,,,,,PROQUIDENT ,,0,,$6.678,$12.000,,,"0,80",$0
Jabón antibacterial 950 ML,,,,0,0,clay ,,0,,$11.182,$18.000,,,"0,61",$0
Jabon antibacterial liquido baño unidental,,,,0,0,D1,,0,,$3.000,$5.000,,,"0,67",$0
JABON DE MANOS 500ML bonfar,,,,0,0,EUFAR,,3,06-2027,$15.393,$18.000,IVA,,"0,17",$0
Jabon en polvo para lavar,,,,0,0,D1,,0,,$3.000,$4.000,,,"0,33",$0
jabon enzimatico  x 100 ml proquident PROQUIZYME,PROQUIDENT $5280 PRODONT $6993 GARHOX $7735,,,,,PROQUIDENT,,33,10-2025,$5.280,$12.000,,,"1,27",$0
Jabon Enzimatico  x 120 cc prodont ,PROQUIDENT $5280 PRODONT $6993 GARHOX $7735,,,10,20,PRODONT,,7,04-2027,$9.001,$12.000,exc,,"0,33",$180.020
Jabon Enzimatico  x 120ml DE ORGANICA,PROQUIDENT $5280 PRODONT $6993 GARHOX $8500,,,0,0,NURIA,,18,02-2027,$7.000,$12.000,,,"0,71",$0
jabon enzimatico  x 500 cc organica,,,,0,8,nuria,,28,11-2025,$18.500,$28.000,,$24.000,"0,51",$148.000
jabon enzimatico  x 500 ml proquident,,,,,,PROQUIDENT,,29,06-2026,$19.182,$28.000,,$24.000,"0,46",$0
Jabon Enzimatico  x GALON DE ORGANICA,,,,0,0,nuria,,1,,$58.000,$84.000,,$72.000,"0,45",$0
JABON LIQUIDO HIGIENOL,,,,0,,RAMON,,,,$6.500,$10.000,,,"0,54",$0
Jabon multienzimatico bactixide 500 ml ,,BORRAR,,0,0,PRODONT,,0,,,,,,#DIV/0!,$0
JABON POR 480,,,,0,0,clay ,,0,,$7.597,$9.000,,,N/V,$0
Jeringa carpule INSTRUMENTAL DELTA ,SYRB,AGOTADO,,0,,DELTA ,0,,,$109.008,$160.000,,,"0,47",$0
Jeringa desechable 10 ml,Allers $362,,,0,0,ALLERS,,100,,$362,$800,"0,1",,"1,21",$0
Jeringa desechable insulina 1ml,Allers $207,,,0,0,ALLERS,,200,,$248,$500,,,"1,02",$0
Jeringa desechable precision 20 ML,Allers $525,,,0,0,ALLERS,,100,,$447,$1.000,,,"1,23",$0
Jeringa desechable precision 5 ML,Allers $230,,,0,0,ALLERS,,300,,$225,$600,,,"1,67",$0
Jeringa triple,IMPORQ $33000,,,0,0,RAMON Hector LARRY,,,,$40.000,$70.000,,,"0,75",$0
Kit 20 discos pulir blancos TIPO ENHANCE,    ,,,0,0,IMPORTADA,,0,,$33.000,$140.000,,,"3,24",$0
KIT ALTA DINALED + KIT BAJA FX23 push botton NSK,NSK,,,0,0,LA MUELA,,1,,$4.551.500,$4.900.000,,,"0,08",
kIT BANDA MATRIZ PREFORMADA TOR - AZDENT  #1398,,,,0,0,IMPORTADA,,7,, $16.399,$70.000,,,"3,27",$0
KIT BLUSA + PANTALON L,,,,0,0,BIOSALUD,,0,,$4.900,$9.000,,,"0,84",$0
KIT BLUSA + PANTALON M,,,,0,0,BIOSALUD,,0,,$6.900,$9.000,,,"0,30",$0
KIT BLUSA + PANTALON S,,,,0,0,BIOSALUD,,0,,$4.900,$9.000,,,"0,84",$0
KIT CONTRASTADORES PARA FOTO NEGROS X6 ,,,,0,0,IMPORTADA,,8,,$101.737,$260.000,,$190.000,"1,56",$0
KIT CUBETA TRANSPARENTE COLTENE,,,,0,0,ULTRADENTAL,,20,,,$25.000,,,,
KIT DE BAJA EX - 203C Set  Push contra angulo ,,,,0,0,LARRY ,,0,,$260.000,$450.000,,,"0,73",$0
KIT DE BAJA FX CONTRA ANGULO FX22 pestillo NSK ORIGINAL,NSK,,,0,0,LA MUELA,,1,,$2.452.400,$2.700.000,,,"0,10",
KIT DE BAJA FX CONTRA ANGULO FX23 NSK ORIGINAL,NSK,,,0,0,LA MUELA,,1,,$2.452.400,$2.700.000,,,"0,10",
KIT DE FRESA STARTER JOTA 1937,,,,,,jota new stetic,0,,,$35.403,$60.000,,,"0,69",$0
KIT DE PULIDO PARA RESINA PIEZA DE BAJA ,,,,0,0,IMPORTADA,,0,,$17.000,$35.000,,,"1,06",$0
Kit de pulidores de fieltro,,,,0,0,importado,,3,,,,,,,
KIT DE PULIDORES PARA PORCELANA,240041,,,0,0,Masterdent AQUILES,,2,,$45.978,$70.000,,,"0,52",$0
KIT DE PUNTAS PARA PORCELANA,240043,,,0,0,Masterdent,,28,,$45.978,$70.000,,,"0,52",$0
KIT DE REPARACION ANGELUS OPACADOR + ACIDO + SILANO,,,,0,0,ABRAHAM,,0,,$112.000,$141.000,,,"0,26",$0
KIT DE Resina FGM (adhesivo 4ml - 4 resinas  + Acido),,,,0,0,FGM soccident,,,,$202.000,$270.000,,,"0,34",$0
KIT DE Resina FGM (adhesivo 6ml - 5 resinas  + con fluida y acido de maquira),,,,0,0,FGM soccident,,,,$190.000,$240.000,,,"0,26",$0
kit disco soflex + mandril cuatro colores azul blanco,,,,0,0,importado,,3,, $21.865,$70.000,,$50.000,,
KIT Discos soflex 3M 120 DISCOS + MANDRIL + 6 ESPIRALES ESSENCIAL,,,,0,0,GAB VEL  ,,0,,$364.000,$430.000,,$380.000,"0,18",$0
KIT ESPATULAS PARA RESINA,,,,0,0,IMPORTADA,,7 azul 1 dorado,,$87.500,$240.000,,$190.000,"1,74",$0
KIT ESPECIAL TDV FOTO KIT SURTIDO , ,,,2,0,ABRAHAM,,0,,$292.300,$365.000,,,"0,25",$0
"KIT ESTUDIANTIL PIEZA ALTA PANA MAX PLUS 2 estandar CON 4 IRRIGACION, PUSH, VALVULA ANTIRETORNO con 30 de torque +  kit BAJA FX23(push botton) NSK + cartuchera + bono 15% de descuento en aceite ",NSK,,,0,0,LA MUELA ,,0,,$2.782.560,$3.150.000,,$3.080.000,"0,13",$0
kit estudiantil SILICONA 1 pesada x 200ML  + 1 liviana ZHERMACK,GABRIEL VELASQUEZ $142000,Silic KIT,,,,RAMON market masdental EURODENT,,,,$142.000,$250.000,,$190.000,"0,76",$0
kit estudiantil SILICONA 2 pesadas x 200ML  y 1 liviana ZHERMACK,RAMON $243700 //MARKET 241000 // CESAR $265900 // eurodent $246351,Silic KIT,,,,RAMON market masdental EURODENT,,,,$223.000,$350.000,,,"0,57",$0
KIT Estudiantil Silicona SPEEDEX COLTENE ,108048 x 30,,pedi nov 6,0,31,ULTRADENTAL ,,4,11-2026,$121.879,$160.000,EXC,$140.000,"0,31",$3.778.237
KIT Fresas FG AZDENT,,,,0,0,IMPORTADA,,0,, $4.023,$50.000,,,"11,43",$0
KIT Fresas para pulir Amarilla AZDENT,,,,0,0,IMPORTADA,,0,,$4.498,$50.000,,,"10,12",$0
KIT Fresas para pulir ROJAS AZDENT,,,,0,,RAMON,,,,$4.498,$50.000,,,"10,12",$0
kit GRANDE SILICONA PESADA ZHERMACK 900GM  sola,masdental $584900,Silic KIT,,,,RAMON masdental EURODENT,,,,$520.000,$590.000,,$540.000,"0,13",$355.667.676.000
kit GRANDE SILICONA PESADA 900GM + 2  livianas ZHERMACK ,masdental $584899,Silic KIT,,precio,683976,RAMON masdental EURODENT,,,,$683.976,$780.000,,$720.000,"0,14",#REF!
kit Grapa BRINKER COLTENE X6 SUBGINGIVAL,,,pedi nov 6,0,2,ultradental,,0,,$279.650,$380.000,,,"0,36",$559.300
kit Grapa FIESTA COLTENE CON ALAS X 9,,,pedi nov 6,0,15,ultradental,,0,,$291.550,$380.000,,,"0,30",$4.373.250
kit Grapa FIESTA COLTENE SIN ALAS X 9,,PEDI A ULTRAD,pedi nov 6,0,2,ultradental,,0,,$291.550,$380.000,,,"0,30",$583.100
KIT INFANTIL HIGIENE ORAL ,,,pedir,0,20,ZENDENT DENTOLINE,,4,04-2024,$5.435,$10.000,,,"0,84",$108.700
KIT ORTODONCIA CON CREMA, febrero 2025 ZENDENT$10932  DENTLIN $9314 PROQUD $9089,,,0,0,ZENDENT DENTOLINE,,revisar 30,,$9.089,$14.000,,,"0,54",$0
KIT ORTODONCIA SIN CREMA,febrero 2025 ZENDENT$9593 DENTLIN$7557,,,0,0,ZENDENT DENTOLINE,,0,,$7.429,$12.000,,,"0,62",$0
KIT P60 Caja  3M + adhesivo,,,,0,,RAMON,,,,$1,$1,EXC,,"0,00",$0
kit para encerado colores NEON caja x 4 BONDENT,,,,0,0,BONDENT,,,,$33.700,$44.000,,,"0,31",$0
kit para encerado colores NEUTRO caja x 4 BONDENT,,,,0,0,BONDENT,,,,$33.700,$44.000,,,"0,31",$0
kit para encerado colores PASTEL caja x 4 BONDENT,,,,0,0,BONDENT,,,,$33.700,$44.000,,,"0,31",$0
KIT PIEZA DE BAJA PIEZA MICROMOTOR PUNTA  RECTA,,BORRAR ,,0,0,LARRY ,,,,$220.000,$220.000,,,"0,00",$0
KIT PINCELES TEXTURIZADORES PARA RESINA,,,,0,0,IMPORTADA,,GRANDE: 1 BLANCO 6 GRIS 1 NEGRO PEQUEÑO: NEGRO 23 BLANCO 21 ,,$38.000,$80.000,,,"1,11",$0
KIT pulido amalgama,,BORRAR,,0,,RAMON,,,,,,,,#DIV/0!,$0
KIT pulido amalgama e inscrustaciones metálicas,,BORRAR,,0,,RAMON,,,,,,,,#DIV/0!,$0
Kit Pulido DISILICATO RA X5 JOTA 1440,,walbin PUL,,0,0,JOTA,,0,,$182.750,$270.000,,,"0,48",$0
Kit pulido microdont con mandril ,,,,0,0,CLAUDIA,,0,,$60.000,$60.000,,,"0,00",$0
KIT PULIDO PORCELANA RA 2112 ,,,,0,0,IMPORTADO,,3,,$60.000,$110.000,,,"0,83",$0
KIT PULIDO RESINA CON ARKANZAS AZDENT ,,,pedir ,0,20,IMPORTADA,,6,,$13.438,$40.000,,,"1,98",$268.760
Kit Pulido resina diamante espiral RA X2 1921 JOTA,"NEW $103,411  / JOTA $97750",,,,,JOTA New Stetic,0,,,$103.411,$150.000,,$148.000,"0,45",
Kit Pulido resina diamante pulidores siliconados 1899 JOTA,NEW $84500 / JOTA,,,,,JOTA New Stetic,0,,,$84.500,$130.000,,$110.000,"0,54",
KIT PULIDO RESINA RA 1112 ,,,,0,0,IMPORTADO,,6,,$60.000,$110.000,,,"0,83",$0
Kit Pulido zirconio RA X5 JOTA 1440 o 1441,,,,,,JOTA  New Stetic,0,,,$208.250,$270.000,,,"0,30",$0
KIT PULIDO ZIRCONIO RA3112,,,,0,0,IMPORTADO,,3,,$110.000,$180.000,,,"0,64",$0
KIT PUNTAS DE SILICONA PARA ACRILICO HP 0412,,,,0,0,IMPORTADO,,5,,$21.000,$54.000,,,"1,57",$0
Kit Resinas estudiantil Zafira X 6 jeringas + acido 10ml + adhesivo 8ml,,,,,,New Stetic,0,,,,,,,,
Kit Resinas estudiantil Zafira X 7 JERINGAS,,,,,,New Stetic,0,,,$400.000,$479.000,,,"0,20",$0
Kit silicona Pesada + liviana  COLTENE president,,Silic KIT,,0,0,ULTRADENTAL ,,0,,$226.900,$290.000,,,"0,28",$0
kit silicona pesada 400  y Liviana Panasil,,Silic KIT,,,,JULVIDENT panasil,,,$280,$271.000,$280.000,,$270.000,"0,03",$0
kit silicona pesada 900  + 2 Livianas Panasil,,Silic KIT,,,,JULVIDENT panasil,,,,$522.720,$650.000,,,"0,24",$0
KIT T ECONOM A1 A2 A3 y B2 + adhesivo + acido,,,,0,4,masdental emma EURODENT,,,,$178.000,$230.000,,,"0,29",$712.000
KIT TENSIOMETRO Y FONENDO DOBLE ,,,,0,0,AQUILES,,1,,$60.690,$75.000,,,"0,24","0,00"
KIT TETRIC X 4 JERINGAS,,,,0,0,masdental emma EURODENT,,,,$417.000,$495.000,,,"0,19",$0
KIT UNIDAD odontologia,,,,0,0,BIOSALUD,,67,,$4.900,$9.000,,,"0,84",$0
KIT Universitario Maletin 3M,,,,0,,RAMON,,,,$214.000,$260.000,,,"0,21",$0
kit X 8 fresas diatech OPERATORIA,,,,0,0,Gabriel Velasquez ULTRADENTAL,,3,,$109.023,$144.000,,,"0,32",$0
kit X 8 Fresas diatech PULIDO,,,pedi nov 6,0,1,Gabriel Velasquez ULTRADENTAL,,2,,$109.024,$144.000,,,"0,32",$109.024
kit X 8 Fresas diatech REHABILITACION,,,pedi nov 6,0,1,Gabriel Velasquez ULTRADENTAL,,2,,$109.024,$144.000,,,"0,32",$109.024
Kit zirconio pequeno HP X7,,,,0,0,JOTA ,,revisar,,$110.000,$310.000,,,"1,82",$0
Kits de pulido de porcelana  AZDENT HP 0312,,,,0,0,IMPORTADO,,,, $18.498,$55.000,,,"1,97",
KN95 TAPABOCAS 3D X20 EMPAQUE INDIVIDUAL,,,,0,,CENTRO HOYOSTOOL mundial,,,,$900,$4.000,,,"3,44",$0
KN95 TAPABOCAS blanco x30 / x50,mundial $400,,,0,,mundial,,,,$900,$4.000,,,"3,44",$0
KN95 TAPABOCAS X10 EMPAQUE INDIVIDUAL,mundial $9000 x20u,,,0,,CENTRO HOYOSTOOL mundial,,,,$900,$4.000,,,"3,44",$0
koolineR GC  REBASE ,promo $380.100,,,0,0,LA MUELA - masdental ,,2,04-2026,$395.304,$495.000,,$440.000,"0,25",$0
koolineR GC  REBASE PORCION ,,,,0,0,LA MUELA - masdental ,,,,$61.875,$70.000,,,"0,13",$0
Lampara 1 segundo azdent tipo woopecker,,,,0,0,importado,,3,,$136.000,$460.000,,,"2,38",
LAMPARA CURINGPEN CAJA BLANCA eighteeth,,,,0,1,FGM,,0,,$743.000,$1.050.000,,,"0,41",
LAMPARA CURINGPEN-E CAJA AZUL eighteeth,,,,0,0,FGM,,1,,$384.000,$540.000,,$480.000,"0,41",
LAMPARA DE FOTOCURADO I-LED  FIBRA plastica woopecker,,,,0,0,DAZA,,,$238.000,$250.000,$420.000,,$370.000,"0,68",
LAMPARA DE FOTOCURADO I-LED MAX FIBRA METAL woopecker,,,,0,0,DAZA,,4,$380.800,$380.000,$540.000,,$480.000,"0,42",$0
Lampara led Valo Grand,gabriel vel $5.000.000 pluss $6.173.000,,,0,0,gabriel velasquez pluss dent,0,,,$5.000.000,$5.500.000,,,"0,10",
Lampara metalica LED Caja  Blanca ,,,,0,0,BOGOTA,,,,$150.000,$350.000,,$240.000,"1,33",
Lampara pasta LED Caja  Blanca ,,,,0,0,importado,,2,,$130.000,$280.000,,,,
LAPIZ PARA PIEZA DE MANO,,,,0,0,IMPORTADA,,0,,,$240.000,,,,
LC Block-out Resin ultradent,,,,0,0,Gabriel Vel pluss ,0,0,,$18.300,$23.000,EXC,,"0,26",$0
LECHADA DE CALCIO SIDCAL X 500 ML prodont,,,,0,0,PRODONT ,,1,02-2026,$9.427,$14.000,exc,,"0,49",$0
LENTULO # 25 X UNIDAD ,,,,0,,RAMON IMPORTADA,,,,$7.000,$10.000,,,"0,43",$0
LENTULO # 30 X UNIDAD ,,,,0,,RAMON IMPORTADA,,,,$7.000,$10.000,,,"0,43",$0
LENTULO # 40 X UNIDAD ,,,,0,,RAMON IMPORTADA,,,,$7.000,$10.000,,,"0,43",$0
Lija  180 caja x 50,,,,,,CENTRO HOYOSTOOL,,,,$123,$500,,,"3,08",$0
Lija  400 COD caja x 50,,,,,,CENTRO HOYOSTOOL,,,,$123,$500,,,"3,08",$0
Lija de Papel COLORES EPITEX,,,,0,0,IMPORTADO,,VERDE  1 MORADA 4 AMARILLA 4,, $10.058,$48.000,,,,
Lima hedstroem primera serie 25mm,,,,0,0,abraham ,,,,$12.940,$22.000,,$18.000,"0,70",$0
Lima hedstroem segunda serie 25mm,,,,0,0,abraham ,,,,$12.940,$22.000,,$18.000,"0,70",$0
Limas Fanta preserie en 21mm,,,,0,0,abraham ,,0,,$12.940,$22.000,,$18.000,"0,70",$0
Limas Fanta preserie en 25mm,,,,0,0,abraham ,,0,,$12.940,$22.000,,$18.000,"0,70",$0
Limas Fanta preserie en 31mm,,,,0,0,abraham ,,0,,$12.940,$22.000,,$18.000,"0,70",$0
Limas Fanta primera en 21mm,,,,0,0,abraham ,,0,,$12.940,$22.000,,$18.000,"0,70",$0
Limas Fanta primera en 25mm,,,,0,0,abraham ,,0,,$12.940,$22.000,,$18.000,"0,70",$0
Limas Fanta primera en 31mm,,,,0,0,abraham ,,0,,$12.940,$22.000,,$18.000,"0,70",$0
Limas Fanta primera y segunda serie estuche ,,,,0,0,abraham ,,0,,$14.340,$25.000,,$20.000,"0,74",$0
Limas Fanta segunda en 21mm,,,,0,0,abraham ,,0,,$12.940,$22.000,,$18.000,"0,70",$0
Limas Fanta segunda en 25mm,,,,0,0,abraham ,,0,,$12.940,$22.000,,$18.000,"0,70",$0
Limas Fanta segunda en 31mm,,,,0,0,abraham ,,0,,$12.940,$22.000,,$18.000,"0,70",$0
LIMAS FLEXOFILE 21mm 1ra serie,,,,0,,Dentsplay Ramon ,,,,$39.270,$62.000,,,"0,58",$0
LIMAS FLEXOFILE 25mm # 15,,Endo kit 23,,0,,Dentsplay Ramon ,,,,$39.270,$62.000,,,"0,58",$0
LIMAS FLEXOFILE 25mm # 20,,Endo kit 23,,0,,Dentsplay Ramon ,,,,$39.270,$62.000,,,"0,58",$0
LIMAS FLEXOFILE 25mm # 25,,Endo kit 23,,0,,Dentsplay Ramon ,,,,$39.270,$62.000,,,"0,58",$0
LIMAS FLEXOFILE 25mm # 30,,,,0,,Dentsplay Ramon ,,,,$39.270,$62.000,,,"0,58",$0
LIMAS FLEXOFILE 25mm # 35,,,,0,,Dentsplay Ramon ,,,,$39.270,$62.000,,,"0,58",$0
LIMAS FLEXOFILE 25mm # 40,,,,0,,Dentsplay Ramon ,,,,$39.270,$62.000,,,"0,58",$0
LIMAS FLEXOFILE 25mm 1ra serie,,Endo kit 23,,0,,Dentsplay Ramon ,,,,$39.270,$62.000,,,"0,58",$0
LIMAS FLEXOFILE 31mm # 15,,,,0,,Dentsplay Ramon ,,,,$39.270,$62.000,,,"0,58",#REF!
LIMAS FLEXOFILE 31mm # 20,,,,0,,Dentsplay Ramon ,,,,$39.270,$62.000,,,"0,58",$0
LIMAS FLEXOFILE 31mm # 25,,,,0,,Dentsplay Ramon ,,,,$39.270,$62.000,,,"0,58",$0
LIMAS FLEXOFILE 31mm # 30,,,,0,,Dentsplay Ramon ,,,,$39.270,$62.000,,,"0,58",$0
LIMAS FLEXOFILE 31mm # 35,,,,0,,Dentsplay Ramon ,,,,$39.270,$62.000,,,"0,58",$0
LIMAS FLEXOFILE 31mm # 40,,,,0,,Dentsplay Ramon ,,,,$39.270,$62.000,,,"0,58",$0
LIMAS FLEXOFILE 31mm 1ra serie,,Endo kit 23,,0,,Dentsplay Ramon ,,,,$39.270,$62.000,,,"0,58",$0
LIMAS K-FILE 21mm 2da serie,,,,0,,Dentsplay Ramon ,,,,$55.335,$72.000,,$64.000,"0,30",$0
LIMAS K-FILE 25mm 2da serie,,,,0,,Dentsplay Ramon ,,,,$55.335,$72.000,,$64.000,"0,30",$0
LIMAS K-FILE 31mm 2da serie,,,,0,,Dentsplay Ramon ,,,,$55.335,$72.000,,$64.000,"0,30",$0
Limas K-file prime line  COLTENE #6 25mm CJ X6,,,,0,0,ULTRADENTAL,,0,,$19.440,$32.000,,,"0,65",$0
Limas K-file prime line COLTENE  #8 25mm CJ X6,,,,0,0,Gabriel Velasquez ULTRADENTAL,,0,,$19.440,$32.000,,,"0,65",$0
Limas K-file prime line COLTENE # 10 25mm CJ X6,,,,0,0,Gabriel Velasquez ULTRADENTAL,,0,,$19.440,$32.000,,,"0,65",$0
Limas K-file prime line COLTENE #15-40 25mm CJ X6,,,,0,0,Gabriel Velasquez ULTRADENTAL,,0,,$19.440,$32.000,,,"0,65",$0
Limas K-file prime lineCOLTENE  #45-80 25mm CJ X6,,,,0,0,Gabriel Velasquez ULTRADENTAL,,0,,$19.440,$32.000,,,"0,65",$0
LIMAS M-ACCESS 25mm  # 15,,,,0,,Dentsplay Ramon ,,,,$23.145,$32.000,,$28.000,"0,38",$0
LIMAS M-ACCESS 25mm # 20,,,,0,,Dentsplay Ramon ,,,,$23.145,$32.000,,$28.000,"0,38",$0
LIMAS M-ACCESS 25mm # 25,,,,0,,Dentsplay Ramon ,,,,$23.145,$32.000,,$28.000,"0,38",$0
LIMAS M-ACCESS 25mm # 30,,,,0,,Dentsplay Ramon ,,,,$23.145,$32.000,,$28.000,"0,38",$0
LIMAS M-ACCESS 25mm # 35,,,,0,,Dentsplay Ramon ,,,,$23.145,$32.000,,$28.000,"0,38",$0
LIMAS M-ACCESS 25mm # 40,,,,0,,Dentsplay Ramon ,,,,$23.145,$32.000,,$28.000,"0,38",$0
LIMAS M-ACCESS 25mm 1ra serie,,,,0,,Dentsplay Ramon ,,,,$23.145,$32.000,,$28.000,"0,38",$0
LIMAS M-ACCESS 25mm 2da serie,,Endo kit 23,,0,,Dentsplay Ramon ,,,,$23.145,$32.000,,$28.000,"0,38",$0
LIMAS M-ACCESS 31mm 2da serie,,Endo kit 23,,0,,Dentsplay Ramon ,,,,$23.145,$32.000,,$28.000,"0,38",$0
LIMAS PRESERIE  # 21 en 10,,,,0,,Dentsplay Ramon ,,,,$44.625,$58.000,,,"0,30",$0
LIMAS PRESERIE  # 21 en 6,,,,0,,Dentsplay Ramon ,,,,$44.625,$58.000,,,"0,30",$0
LIMAS PRESERIE  # 21 en 8,,,,0,,Dentsplay Ramon ,,,,$44.625,$58.000,,,"0,30",$0
LIMAS PRESERIE  # 21 juego  6 - 8 - 10,,,,0,,Dentsplay Ramon ,,,,$44.625,$58.000,,,"0,30",$0
LIMAS PRESERIE  # 25 en  6,,,,0,,Dentsplay Ramon ,,,,$44.625,$58.000,,,"0,30",$0
LIMAS PRESERIE  # 25 en 10,,,,0,,Dentsplay Ramon ,,,,$44.625,$58.000,,,"0,30",$0
LIMAS PRESERIE  # 25 en 8,,,,0,,Dentsplay Ramon ,,,,$44.625,$58.000,,,"0,30",$0
LIMAS PRESERIE  # 25 juego  6 - 8 - 10,,,,0,,Dentsplay Ramon ,,,,$44.625,$58.000,,,"0,30",$0
LIMAS PRESERIE  # 31  en 6,,,,0,,Dentsplay Ramon ,,,,$44.625,$58.000,,,"0,30",$0
LIMAS PRESERIE  # 31  en 8,,,,0,,Dentsplay Ramon ,,,,$44.625,$58.000,,,"0,30",$0
LIMAS PRESERIE  # 31 en 10,,,,0,,Dentsplay Ramon ,,,,$44.625,$58.000,,,"0,30",$0
LIMAS PRESERIE  # 31 juego  6 - 8 - 10,,,,0,,Dentsplay Ramon ,,,,$44.625,$58.000,,,"0,30",$0
LIMAS PRESERIE M-ACCESS #06 en 21mm,,,,0,,Dentsplay Ramon ,,,,$23.145,$32.000,,$28.000,"0,38",$0
LIMAS PRESERIE M-ACCESS #06 en 25mm ,,,,0,,Dentsplay Ramon ,,,,$23.145,$32.000,,$28.000,"0,38",$0
LIMAS PRESERIE M-ACCESS #06 en 31mm,,,,0,,Dentsplay Ramon ,,,,$23.145,$32.000,,$28.000,"0,38",$0
LIMAS PRESERIE M-ACCESS #08 en 21mm,,,,0,,Dentsplay Ramon ,,,,$23.145,$32.000,,$28.000,"0,38",$0
LIMAS PRESERIE M-ACCESS #08 en 25mm,,,,0,,Dentsplay Ramon ,,,,$23.145,$32.000,,$28.000,"0,38",$0
LIMAS PRESERIE M-ACCESS #08 en 31mm,,,,0,,Dentsplay Ramon ,,,,$23.145,$32.000,,$28.000,"0,38",$0
LIMAS PRESERIE M-ACCESS #10 en 21mm ,,,,0,,Dentsplay Ramon ,,,,$23.145,$32.000,,$28.000,"0,38",$0
LIMAS PRESERIE M-ACCESS #10 en 25mm ,,Endo kit 23,,0,,Dentsplay Ramon ,,,,$23.145,$32.000,,$28.000,"0,38",$0
LIMAS PRESERIE M-ACCESS #10 en 31mm,,,,0,,Dentsplay Ramon ,,,,$23.145,$32.000,,$28.000,"0,38",$0
LIMAS PRESERIE M-ACCESS 21mm juego 06-08-10,,,,0,,Dentsplay Ramon ,,,,$23.145,$32.000,,$28.000,"0,38",$0
LIMAS PRESERIE M-ACCESS 25mm juego 06-08-10,,,,0,,Dentsplay Ramon ,,,,$23.145,$32.000,,$28.000,"0,38",$0
LIMAS PRESERIE M-ACCESS 31mm juego 06-08-10,,,,0,,Dentsplay Ramon ,,,,$23.145,$32.000,,$28.000,"0,38",$0
limas Pro Taper  dentsplay ,,,,0,,Dentsplay Ramon ,,,,$93.670,$125.000,,,"0,33",$0
limas wave one gold dentsplay,NO PEDIR,,,0,,Dentsplay Ramon ,,,,$169.244,$210.000,,,"0,24",$0
Limpiador de aparatos  para ortodoncia y protesis PROQUIDENT CAJA X 12 Sobres,,,,,,PROQUIDENT,,0,,$6.418,$10.000,,,"0,56",$0
Limpido para aseo desinfectante ,,,,0,0,D1,,0,,$2.000,$3.000,,,"0,50",$0
Liner hidroxido de calcio pasta pasta coltene protector pulpa,,,,0,0,ultradental ,,0,,$35.822,$48.000,exc,,"0,34",$0
LIQUIDO REVELADOR + FIJADOR OJO (NO VENDER SOLO),,,,0,0,aquiles / monica - jorge,,0,,$17.200,$25.000,,,"0,45",$0
llave ortodoncia por paquete,"importado $9402 // Daza $8,000 // Padilla $9,200 // Abraham $12,400",,,0,0,ABRAHAM padilla daza IMPORTADA,,revisar,,$9.200,$24.000,,$12.000,"1,61",$0
llave ortodoncia por unidad ,,,,0,0,ABRAHAM,,revisar,,$230,$1.000,,,"3,35",$0
Localizador de Apice,,,,,,importada,,,,$295.000,$490.000,,,"0,66",
loseta de vidrio X UNIDAD,AQUILES 2142,,,30,0,aquiles Bertulio,,40,,$2.200,$4.000,,,"0,82",$0
"Lupa 3,5 bio art ",promo $176.800 mayo/25,,,,176800,JULVIDENT,,2,,$208.000,$240.000,,$200.000,,
Lupa ajustable sin luz led alexiño,,,,0,0,importado,,1,, $192.089,$320.000,,,,
LUPAS VISOR CON  LED Y LENTES,,,,0,,CENTRO JOSE ,,,,$65.000,$95.000,,,"0,46",$0
LUXA CROWN ,,,,0,0,ABRAHAM ,,0,,,$615.000,,,,
LUXACORE,,,,0,0,ABRAHAM,,0,,$191.600,$239.000,,,"0,25",$0
macro modelo plastico,AQUILES $21932 / DYMA $23800 / Dentmark $25000,,PEDIR AQUILES,0,2,AQUILES DYMA,,2,,$21.932,$35.000,,,"0,60","43.863,40"
malla tarro METRO,,,,0,,CENTRO WASHINGTON,,,,$400,$5.600,,,"13,00",$0
MANDRIL 3M,,,,0,,RAMON importado,,,,$10.000,$40.000,,,"3,00",$0
mandril con Felpa de trapo,241019,aqulies $1440,,0,0,Masterdent AQUILES,,50,,$2.694,$5.000,,,"0,86",$0
MANDRIL CON FELPA TIPO PELUCHE / ALGODON,241018,w,,0,0,Masterdent AQUILES,,90,,$2.503,$5.000,,,"1,00",$0
MANDRIL CON FELPA TIPO PELUCHE CONTRANGULO PEQUEÑO,241018,w,,0,0,Masterdent AQUILES,,50,,$2.503,$5.000,,,"1,00",$0
MANDRIL DISCO SUPER SNAP CORTO,,,,0,0,MDS IMPORTADO,,20,,$16.500,$26.000,,,"0,58",$0
MANDRIL DISCO SUPER SNAP LARGO,,,,0,0,MDS IMPORTADO,,7,,$16.500,$26.000,,,"0,58",$0
mandril para snap max flex,,,,0,0,la muela ,,0,,$6.100,$12.000,,,"0,97",$0
MANDRIL PEQUEÑO CONTRA ANGULO,241021,IMPORT $625,,0,0,Masterdent IMPORTADO,,9,,$2.197,$4.000,,$3.000,"0,82",$0
MANDRIL PORTA DISCO CON REFUERZO GRANDE ,241022,IMPORT $945,,0,0,Masterdent IMPORTADO,,0,,$1.648,$4.000,,$3.000,"1,43",$0
Mango delgado SOLO instrumental basico Delta ,MHE1,BASICO,,0,,DELTA ,0,,,$22.329,$35.000,,,"0,57",$0
Mango GRUESO para espejo de DOBLE basico,MHC3,AGOTADO,,0,,DELTA ,0,,,$31.454,$55.000,,,"0,75",$0
Mango GRUESO para espejo de SENCILLO basico,MHE2,AGOTADO,,0,,DELTA ,0,,,$31.454,$55.000,,,"0,75",$0
MANGO PARA ESPEJO COLOR  NEGRO ,,,,0,0,CLAUDIA,,revisar,,$4.000,$10.000,,,"1,50",$0
MANGO PARA ESPEJO COLOR ROSADO ,,,,0,0,CLAUDIA,,revisar,,$4.000,$10.000,,,"1,50",$0
MANGUERA CANULA (CAUCHO ASPIRADOR 7X11 LATEX) COD 11508 X METRO ,,,,0,0,ALLERS,,0,,$7.687,$11.000,,,"0,43",$0
Marcador plastico caucho instrumental autoclavable ,IMPORT $7122 BRASIL SOCCI,,,0,0,SOCCIDENTALES CLAUDIA,,4,,$18.353,$38.000,,,"1,07",$0
matriz universal kit x 25 unidades,,,,0,0,soccidentales abraham importado,,0,,$75.030,$100.000,,,"0,33",$0
matriz universal kit x 50 unidades,,,,0,0,soccidentales abraham importado,,0,,$118.893,$145.000,,,"0,22",$0
Maxcem Kerr ,,,,0,0,Gabriel Velazquez pluss ,1,0,,$153.800,$195.000,,,"0,27",$0
Mecha Mechero,x,,,100,0,SUPER - jorge - aquiles,,50,,$252,$500,,,"0,98",$0
mechero de vidrio,aquiles $5000 jorge 3500,,buscar proveedor,0,,aquiles-monica - RAMON-upegui - jorge,,,,$5.653,$10.000,,,"0,77",$0
mechero en acero para alochol ,cristian $4300 ,,,0,,aquiles-monica - RAMON - jorge,,,,$6.426,$10.000,,,"0,56",$0
medidor de alginato ,DYMA $2380,,PEDIR? descuento,0,,ramon  DYMA,,,,$1.260,$3.500,,,"1,78",$0
medidor de KROMALGIN,,,,0,,RAMON,,,,$1,$3.000,,,"2.999,00",$0
MESA CAMPER PLASTICA,,,,,,BIO ART JULVIDENT,,0,,$67.200,$96.000,,,"0,43",
mesa de Coccion pedestal pines ceramicos,,,,0,0,aquiles,,,,$16.660,$23.000,19,,"0,38",$0
MESA O BANDEJA  DE CCOCCION ,,,,0,0,AQUILES ,,0,,$16.660,$23.000,,,"0,38",
METAL NPG LABORATORIO,DYMA ,,,0,,ramon  DYMA,,,,$5.508,$9.000,,,"0,63",$0
Mi Paste GC desensibilizante encia,,,,0,0,MASDENTAL,,0,,$48.900,$70.000,,,"0,43",$0
MI paste Plus GC,,,,,0,LA MUELA,,,,$90.375,$110.000,,$98.000,"0,22",
Micro Arenador ,PRMO MAYO 2025 $550000,,,,,JULVIDENT,,3,,$595.000,$720.000,,$640.000,"0,21",$0
MICROBRUSH micro aplicadores  X 100  Amarillo Azul Verde Morado Blanco ,NEW STETIC $8330 //  IMPORQ $6000 // DENT$5500,kit zafira,,16 amaillor 16 azul 16 morado 12 blanco 12 verde ,blanco 12 amarillo 12 fucsia 4,New Stetic IMPORQ  DTM,0,,,$7.616,$13.000,,$9.000,"0,71",#VALUE!
Micromotor Champion 3,,,,0,0,Masterdent,,0,,$488.913,$720.000,,,"0,47",$0
MICROMOTOR PARA LABORATORIO CON LAPIZ,,,,0,0,IMPORTADA,,1,,$239.400,$550.000,,,"1,30",$0
MICROMOTOR PARA LABORATORIO con pieza de baja ,,,,0,0,IMPORTADA,,0,,$291.000,$550.000,,,"0,89",$0
"MICROMOTOR PARA LABORATORIO Marathon  40,000 RPM",243002,,,0,0,Masterdent,,10,,$500.000,$580.000,,$570.000,"0,16",$0
Micromotor strong,,,,0,0,importado,,3,,,,,,,
"Micropunta negro, rojo ",,,,0,,CENTRO PAPELERIA,,,,$1,$1,,,"0,00",$0
Mini endoblock maillefer,,Endo kit 23,,0,5,Dentsplay Ramon ,,,,$87.999,$110.000,,$94.000,"0,25",$439.997
mini endoblock plastico economico,,,,0,0,Aquiles,,0,,$7.000,$12.000,,,"0,71",$0
MINI RUEDA DE TRAPO BEIGE,248003,,,0,0,Masterdent AQUILES,,30,,$952,$2.000,,,"1,10",$0
MISERIUM Enna resina IWS ESTETICA,,ALTA ESTETICA,,0,0,ABRAHAM,,0,,$206.700,$229.700,EXC,,"0,11",$0
"modelin resin 1,5 BISCO modelador de resina",promo $77.350 mayo/25,,,,,JULVIDENT bisco,174,3,05-2027,$87.000,$120.000,,$90.000,"0,38",$0
Modelo de ivorina FRASACO FG3 adulto,DYMA $95200,,PEDIR DYMA,0,15,JORGE DYMA,,11,,$96.000,$130.000,,$110.000,"0,35",$1.440.000
Modelo de ivorina PEDIATRICO,DYMA $95200,,PEDIR DYMA,0,15,JORGE DYMA,,0,,$96.000,$130.000,,,"0,35",$1.440.000
Modelo de yeso con dientes de ivorina Adulto Y-560,DYMA $41650,,PEDIR DYMA,0,15,Aquiles jorge DYMA,,5,,$45.000,$65.000,,$55.000,"0,44",$675.000
Modelo de yeso con dientes de ivorina MONTADO EN ARTICULADOR (PEDIATRICO Y ADULTO),,,,0,0,Aquiles jorge DYMA,,11,,,$78.000,,,#DIV/0!,$0
Modelo de yeso con dientes de ivorina pediatricos Y-PED,DYMA $41650,,PEDIR DYMA,0,10,Aquiles jorge DYMA,,0,,$45.000,$65.000,,,"0,44",$450.000
modelo patologico con implante # 1,,,,0,0,aquiles ,,0,,$97.580,$130.000,,,"0,33",$0
modelo patologico con implante # 3,,,,0,0,aquiles ,,0,,$97.580,$130.000,,,"0,33",$0
Modelo TIPO NISSI ARTICULADOR METALICO DM200,,,,0,0,JORGE DYMA,,0,,$202.300,$280.000,,$240.000,"0,38",$0
Modelo TIPO NISSI ARTICULADOR PLASTICO DM200G,,,,0,0,JORGE DYMA,,3,,$107.100,$160.000,,$145.000,"0,49",$0
Modelos de yeso desdentado edentulo,la u $3000 emiro $2700,,,0,0,MULTILAB dental la U,,19,,$3.000,$4.000,,,"0,33",$0
Modelos de yeso PKT ,la u $4000 emiro $3500,,,0,0,MULTILAB dental la U,,22,,$3.500,$6.000,,$4.500,"0,71",$0
Modelos de yeso PKT  con cavidad,la u $4000 emiro $3500,,,0,0,MULTILAB dental la U,,53,,$3.500,$6.000,,$4.500,,
Modelos de yeso PKT niño,la u $4000 emiro $3500,,,0,0,MULTILAB dental la U,,18,,$3.500,$6.000,,$4.500,"0,71",$0
Modelos de yeso ROSADO adulto,,,,0,0,MULTILAB dental la U,,0,,$3.500,$5.000,,,"0,43",$0
MOMIFAR 7ML MOMIFICANTE PULPAR X 7 ML EUFAR,,,,0,0,RAMON PRODONT EUFAR,,,01-2027,$9.620,$13.000,exc,,"0,35",$0
MOMIFICANTE PULPAR X 7 ML MOMICIDE,,,,0,0,RAMON PRODONT EUFAR,,,01-2027,$9.243,$12.000,exc,,"0,30",$0
"MOTOR ELECTRICO con pieza de mano 1.1 Y 1,5",,,,0,0,importado,,,, $1.279.200, $2.800.000,,,,
"MTA  1 Capsula Angelus 0,14g",,,,0,0,ABRAHAM ,,1,,$83.950,$105.000,,,"0,25",$0
MTA  FILLAPEX Angelus 12g,,,,0,0,ABRAHAM ,,1,,$116.100,$145.000,,,"0,25",$0
Mufla R 25,,,,0,0,Sneider,,0,,$79.730,$100.000,,,"0,25",$0
Mufla R 30,,,,0,0,Sneider,,13,,$75.000,$110.000,,$98.000,"0,47",$0
Muflas CAMPANA en bronce 2 depositos 1 Prensita,,,,0,0,Sneider,,3,,$69.020,$80.000,,,"0,16",$0
Muflas R 15 ,,,,0,0,Sneider,,0,,$57.120,$72.000,,,"0,26",$0
Muflas R 20,,,,0,0,Sneider,,0,,$65.450,$82.000,,,"0,25",$0
NASION COMPLETO WHIPMIX  NACIONAL ,,,,0,0,PORTILLO ,,revisar,,$70.000,$120.000,,,"0,71",$0
NASION COMPLETO WHIPMIX ORIGINAL ,,,,0,0,Biodentales,,,,$244.200,$290.000,,,"0,19",$0
New foil galon NOVAFOIL ,,,,,,new stetic,0,,,$95.081,$126.000,,,"0,33",$0
New foil x LITRO 1000CC ,,,,,,new stetic,0,,,$23.300,$35.000,,,"0,50",$0
New-foil  porcion ,,,,0,0,unidental ,,21,,$2.520,$5.000,,,"0,98",$0
NITIFLEX 25 MAILEFER,ramon $111.146,Endo kit 23,,,,Dentsplay Ramon ,,,,$120.499,$140.000,,,"0,16",$0
novacryl Flow 40gm A1,,,,,,New Stetic,0,1,10-2026,$23.562,$30.000,"1,19",$27.200,"0,27",$0
novacryl Flow 40gm A2,,,,,,New Stetic,0,0,,$23.562,$30.000,"1,19",$27.200,"0,27",$0
occlude,,,,0,0,ABRAHAM,,0,,$25.000,$42.000,,,"0,68",$0
Occlude aerosol,,,,0,0,ABRAHAM,,0,,$24.000,$42.000,,,"0,75",$0
Oclusor Dientes Ivorina,,,,0,,RAMON JORGE,,,,$55.000,$75.000,,,"0,36",$0
"Opalecense ENDO 35% no vital jeringa x 1,2gm","compre $79.820 gabriel velas $79,800 pluss $83.810",,,1,0,CLAUDIA pluss dent,0,1,,$87.100,$124.000,,,"0,42",$0
Opalustre ultradent pasta para microabrasión,pluss $90123 gabriel velasq $122967,,,0,0,Gabriel Vel pluss clau,2,2,,$112.867,$145.000,,,"0,28",$0
Optra stick palitos amarillos adhesivos 1 BLISTER,,,,,,masdental emma EURODENT,,1,,$93.000,$98.000,,$90.000,"0,05",$0
Optra stick palitos amarillos adhesivos CAJA X 3 BLISTER,,,,,,masdental emma EURODENT,,1,,$224.999,$280.000,,$260.000,"0,24",$0
optradam Ivoclar tela de caucho ,,,,0,0,masdental emma EURODENT,,,$9.427,$14.797,$18.000,,,"0,22",$0
Optragate Ivoclar  abreboca M - R,EMMA $11000  / GABRIEL VEL 11000  / RAMON $10800,,,0,0,masdental emma EURODENT,,35,03-2027,$11.000,$15.000,,$12.000,"0,36",$0
Optragate Ivoclar  abreboca S ,EMMA $11000  / GABRIEL VEL 11000  / RAMON $10800,,,0,0,masdental emma EURODENT,,40,07-2027,$11.000,$15.000,,$12.000,"0,36",$0
OPTRASCULP ECO ,,,,0,0,IMPORTADO,,2,,$19.460,$100.000,,,"4,14",$0
ORATEMP Resina Bisacrilica X67GR  A1,,,,0,0,SOCCIDENTALES,,1,,$201.520,$310.000,,,"0,54",$0
ORATEMP Resina Bisacrilica X67GR  BLEACH,,,No llego 14 AB,1,1,SOCCIDENTALES,,0,,$201.520,$310.000,,,"0,54",$201.520
organizador CAJA PIMPOLLO metalico color ,,,,0,0,IMPORTADA,,0,,$25.000,$45.000,,,"0,80",$0
organizador pasta redondo pimpollero fresero plastico,aquiles $11900,,,3,0,IMPORTADA aquiles,,7,,$14.875,$32.000,,,"1,15",$0
Oro EMPUJE 1gm,,,,0,0,unidental,,0,,$120.000,$150.000,,,"0,25",$0
Oro x  1 gramo,,,,0,0,DYMA ,,3,,$293.000,$360.000,,,"0,23",$0
Oro x  2 gramos,,,,0,0,ITALDEC ,,3,,$586.800,$690.000,,,"0,18",$0
Ortho organizer ,,,,0,0,gac,,,,$15.000,$20.000,,,"0,33",$0
orthocem resina ortodoncia FGM,antioq $45000 soccid $ 47000 plus $68000,,,0,0,FGM soccident,,,,$68.000,$85.000,EXC,,"0,25",$0
Orthodoncia brackets Mini Standar Royaldent,,,,0,,RAMON,,,,$5.800,$10.000,,,"0,72",$0
ortodoncia brackets MINI ROTH ECO,DAZA $4600 // PADILLA $4900 ORTHO PROF $4200,,,0,100,DAZA ABRAHAM PADILLA importada,,160,10-2025,$4.600,$15.000,,$8.000,"2,26",$460.000
ortodoncia brackets molar,,,,0,0,ortho professional,,,,$750,$2.000,,,,
"Ortodoncia Brackets p/molar cd roth 0,22 con hook",,,,0,0,DAZA,,0,,$10.000,$16.000,,,"0,60",$0
OVEROL,,BORRAR,,0,0,BIOSALUD,,0,,,$10.000,,,#DIV/0!,$0
Oxido de aluminio para microarenador 110 micras,"aquiles $0 / masdental $16,900",,,0,0,aquiles masdental ,,2,,$16.900,$28.000,,,,
Oxido de aluminio para microarenador 50 micras,aquiles$20000 masdental $22900,,,0,0,aquiles masdental ,,2,,$20.000,$28.000,,,,
Oxido de zinc 10g ,,,,,,RAMON PROQUIDENT PRODONT ,,18,1/4/2027 10/2026,$3.436,$7.000,,,"1,04",$0
PAD SUTURA TABLA ROSADA SILICONADA ,,,,0,0,DENTAL LA U ALLERS,0,0,,$29.000,$45.000,,,"0,55",$0
Palillo de seda dental flosstick  Niño,NO PEDIR,,,0,0,ZENDENT,,0,,$5.543,$9.000,,,"0,62",$0
Palillo Seda Flosstick Adulto ,proquident  x20 $3052 zendent x20 $9055,,,0,0,ZENDENT proquident,,5,,$5.543,$7.000,,,"0,26",$0
Papel Aluminio,,,,0,0,tropicali - limpiahogar,,1,,$6.000,$9.000,,,"0,50",$0
PAPEL CEFALOMETRICO x libro,,,,0,,RAMON,,,,$850,$1.500,,,"0,76",$0
papel de amianto,,,,0,0,Monica jorge,,1,,$8.400,$18.000,,,"1,14",$0
Papel de articular  cuadernillos delgado,,,,0,0,ABRAHAM,,0,,$3.769,$6.000,,,"0,59",$0
Papel de articular caja x 12 cuadernillos,muela $25126 aquiles 35000,,,0,,RAMON AQUILES la muela,,,,$3.203,$5.000,,,"0,56",$0
papel higienico PAQUETE 12,,,,0,0,D1,,0,,$1.000,$1.400,,,"0,40",$0
papel parafinado cerafinado mantequilla,,,,0,,centro ,,,,$500,$2.000,,,"3,00",$0
PAPEL PH ROLLO POR PORCION 10 CM,,,,0,0,ALLERS ,,0,,$1.767,$3.500,,,"0,98",$0
PAPEL PH ROLLO X 5 MT,,,,0,0,ALLERS ,,0,,$88.325,$110.000,,,"0,25",$0
PAPELERIA  cauchitos colores pequeños moña,,,,0,,CENTRO 40mil,,,,$6.722,$7.000,,,N/V,$0
PAPELERIA  Cinta  transparente para dispensador,,,,0,,CENTRO PAPELERIA,,,,$333,$4.000,,,N/V,$0
PAPELERIA  Cinta ancha transparente para cajas 48x40,,,,,,CENTRO PAPELERIA,,,,$3.900,$4.000,,,N/V,$0
PAPELERIA  Cinta de enmascarar 18x20,,,,0,,CENTRO PAPELERIA,,,,$3.900,$4.000,,,N/V,$0
PAPELERIA  Cinta de enmascarar 24x20,,,,0,,CENTRO PAPELERIA,,,,$3.900,$4.000,,,N/V,$0
PAPELERIA  Cinta de enmascarar gruesa ,,,,0,,CENTRO PAPELERIA,,,,$8.000,$9.000,,,N/V,$0
PAPELERIA  clic para hojas pequeno x caja ,,,,,,CENTRO PAPELERIA,,,,$1.200,$5.000,,,N/V,$0
PAPELERIA  lapiceros X CAJA  Bic ,,,,,,CENTRO PAPELERIA,,,,$583,$2.000,,,N/V,$0
PAPELERIA  Marcador borrable edding 361 azul rojo negro,,,,0,,CENTRO dollar city,,,,$2.300,$3.000,,,N/V,$0
"PAPELERIA  Marcador Resaltador naranja, amarillo",,,,0,,CENTRO PAPELERIA,,,,$2.202,$3.000,,,N/V,$0
"PAPELERIA  Marcador Sharpie negro, fucsia, verde",,,,0,,CENTRO PAPELERIA,,,,$3.094,$4.000,,,N/V,$0
PAPELERIA  para marcar carpeta colgante paquete,,,,0,,CENTRO PAPELERIA,,,,$1.000,$2.000,,,N/V,$0
PAPELERIA  Pega stick,,,,0,,CENTRO PAPELERIA,,,,$1.000,$2.000,,,N/V,$0
PAPELERIA  regla flexible linea azul ,,,,0,,CENTRO PAPELERIA,,,,$1.000,$2.000,,,N/V,$0
PAPELERIA  TIJERAS PEQUEÑA dolar city,,,,0,,CENTRO dollar city,,,,$1.000,$2.000,,,N/V,$0
PAPELERIA adhesivo para marcar 18X12 MM (SIMCARD),,,,0,,CENTRO PAPELERIA,,,,$2.269,$4.000,,,N/V,$0
PAPELERIA adhesivo para marcar 38x12 MM,,,,0,,CENTRO PAPELERIA,,,,$3.570,$4.000,,,N/V,$0
PAPELERIA adhesivo para marcar 69 x 35 MM (MARCAR CAJAS INSTRUMENTAL),,,,,,CENTRO PAPELERIA,,,,$3.570,$4.000,,,N/V,$0
PAPELERIA adhesivo para marcar 86X42 MM,,,,0,,CENTRO PAPELERIA,,,,$2.700,$4.000,,,N/V,$0
PAPELERIA AZ para archivar tamaño oficio,,,,0,,CENTRO PAPELERIA,,,,$1.000,$2.000,,,N/V,$0
PAPELERIA CARPETA COLGANTE 31.5  GANCHO 36 CM ,,,,0,,CENTRO PAPELERIA,,,,$1.000,$2.000,,,N/V,$0
PAPELERIA CARTULINA LEGAJADORA AMARILLA PAQUETE,,,,0,,CENTRO PAPELERIA,,,,$1.000,$2.000,,,N/V,$0
PAPELERIA CORRECTOR CINTA FABER CASTELL,,,,0,,CENTRO PAPELERIA,,,,$2.300,$3.000,,,N/V,$0
PAPELERIA Cuaderno pequeño de notas ,,,,0,,CENTRO PAPELERIA,,,,$1.300,$2.000,,,"0,54",$0
PAPELERIA DISPENSADOR DE CINTA ,,,,0,,CENTRO PAPELERIA,,,,$1.000,$2.000,,,N/V,$0
PAPELERIA FOLDER ARGOLLA GRANDE CUENTAS ,,,,0,,CENTRO PAPELERIA,,,,$1.000,$2.000,,,N/V,$0
PAPELERIA GRAPADORA,,,,0,0,,,3,,,,,,,
PAPELERIA HACER SELLO sin cancelado,,,,0,,CENTRO PAPELERIA,,,,$1.000,$2.000,,,N/V,$0
PAPELERIA LAPIZ,,,,0,,CENTRO PAPELERIA,,,,$1.000,$2.000,,,N/V,$0
PAPELERIA Refuerzo bolitas para hoja,,,,0,,CENTRO PAPELERIA,,,,$2.380,$2.000,,,N/V,$0
PAPELERIA REPUESTO HOJA credito #105 21X28 cm,,,,0,,CENTRO PAPELERIA,,,,$5.355,$2.000,,,N/V,$0
PAPELERIA Resma Papel,,,,0,,CENTRO PAPELERIA FERNEY,,,,$17.500,$20.000,,,N/V,$0
PAPELERIA SACAPUNTA,,,,0,,CENTRO HOYOSTOOL,,,,$1.000,$2.000,,,N/V,$0
para core  - paracore coltene,,,pedi nov 6,0,4,Ultradental ,,1,x VCMTO agosto/25 $350 ,$350.000,$590.000,EXC,,"0,69",$1.400.000
para core  - paracore coltene REPUESTO X 2 JERINGAS,,,,0,0,Ultradental ,,1,,$330.000,$590.000,EXC,,"0,79",$0
PARALELOMETRO MARATHON 103 CON KIT DE PUNTAS BK,,,,0,0,Masterdent,,0,,$928.000,$1.392.000,,,"0,50",$0
parapost-endodoncia,,,,0,0,ABRAHAM,,,,$6.500,$10.000,,,"0,54",$0
Pasta blanqueadora opalescence tootphast grande ,,,,0,0,Pluss Dent,0,0,,$46.925,$62.000,,,"0,32",$0
Pasta blanqueadora opalescence tootphast pequeña ,,,,0,0,Pluss Dent GAB VEL,0,0,,$15.366,$20.000,,,"0,30",$0
Pasta de Pulir verde zam barra 1/4,,,,,,mas dental ,,,,$23.300,$29.000,,,,
PASTA DIAMANTADA DIAMOND GLOS TDV,,,,0,,abraham - RAMON,,,,$63.780,$80.000,,,"0,25",$0
Pasta Diamantada FGM diamond excel ,antioq $33320 soccid $ 23000 promo 28560 plus $30464,,,0,0,FGM soccident,,,,$30.464,$48.000,,,"0,58",$0
PASTA DIAMANTADA UNIVERSAL MAQUIRA,,,,0,0,SOCCIDENTALES CLAUDIA,,1,,$28.644,$40.000,exc,$35.000,"0,40",$0
Pasta Profilactica (tutifruti - fresa) TUBO colapsible prodont,prodont 10144,,,12,0,PRODONT,,2,01-2027,$11.157,$16.000,,,"0,43",$0
Pasta Profilactica EUFAR TUBO colapsible Detarfar 50gm,"11525,15",, ,0,0,EUFAR ,,4,04-2028,$11.525,$14.000,,,"0,21",$0
Pasta Profilactica EUFAR TUBO DETARFAR GRANDE 345gm,,, ,0,0,EUFAR ,,4,03-2028,$30.875,$44.000,,,"0,43",$0
Pasta profilactica shine 90g tutty maquira,,,,0,0,SOCCIDENTALES,,0,,$8.000,$16.000,exc,,"1,00",$0
Pasta Profilactica(no tarro)solo TUBO colapsible proquident,,subio 10534,,,,PROQUIDENT,,16,02-2027,$10.534,$14.000,,,"0,33",$0
pasta zinquenolica GRANDE caja ,,,,0,0,marleny dentales ID - aquiles ,,5,08-2025,$52.400,$68.000,exc,,"0,30",$0
pasta zinquenolica KELL PAST,,,,0,0,MASDENTAL,,0,,,,,,#DIV/0!,$0
PASTA ZINQUENOLICA KELLYS PASTE GRANDE INDENTAL,,,,0,0,AQUILES ,,1,,$51.438,$70.000,,$58.000,,
pasta zinquenolica pequeña,,,22134,0,0,marleny dentales ID - aquiles ,,0,1/5/2025 07-2025,$16.200,$24.000,,$20.000,"0,48",$0
PATTERN RESIN LS GC DURALAY ,massdental $165000 la muela $148500,,,0,0,la muela MASDENTAL ,,1,,$149.900,$205.000,,,"0,37",$0
Peeso - PISO  1 ,Daza $8925,,,0,,abraham RAMON DAZA - IMPORTADA,,,,$8.400,$12.000,,,"0,43",$0
Peeso - PISO  2,Daza $8925,,,0,,abraham RAMON DAZA - IMPORTADA,,,,$8.400,$12.000,,,"0,43",$0
Peeso - PISO  3,Daza $8925,,,0,,abraham RAMON DAZA - IMPORTADA,,,,$8.400,$12.000,,,"0,43",$0
Pega Blanca,,,,0,0,papeleria,,1,,,,,,,
PEGANTE SUPERBONDER ,,,,0,,CENTRO 40mil hoyost,,,,$317,$600,,,"0,89",$0
PEGANTE SUPERpega astro tarrito grande,,,,0,,CENTRO 40mil hoyost,,,,,,,,,
PERA DE AIRE,,,,0,,RAMON,,,,$6.000,$9.000,,,"0,50",$0
perborato de sodio ,,,,0,0,PRODONT,,0,,$12.176,$16.000,,,"0,31",$0
Periostotomo Buser DELTA ,P/BUSER,,,0,,DELTA ,0,,,$124.192,$180.000,,,"0,45",$0
Periostotomo DELTA ,P - 15,,,0,,DELTA ,0,,,$112.901,$180.000,,,"0,59",$0
Periostotomo PAPAELA ALLEN DELTA ,PPAEL,,,0,,DELTA ,0,,,$136.612,$199.000,,,"0,46",$0
PIEDRA AZUL BALA GRANDE,241003,,,0,0,Masterdent,,66,,$400,$2.000,,,"4,00",$0
PIEDRA AZUL CILINDRICA,241007,,,0,0,Masterdent,,80,,$400,$2.000,,,"4,00",$0
PIEDRA AZUL TRONCOCONICA,241012,,,0,0,Masterdent,,105,,$400,$2.000,,,"4,00",$0
PIEDRA BLANCA BALA GRANDE,241004,,,0,0,Masterdent,,50,,$746,$2.000,,,"1,68",$0
PIEDRA BLANCA CILINDRICA,241008,,,0,0,Masterdent,,95,,$400,$2.000,,,"4,00",$0
PIEDRA BLANCA LENTEJA,241016,,,0,0,Masterdent,,51,,$746,$2.000,,,"1,68",$0
PIEDRA BLANCA TRONCOCONICA,241013,,,0,0,Masterdent,,0,,$400,$2.000,,,"4,00",$0
PIEDRA CILINDRICA AZUL EXTRA GRANDE,241009,,,0,0,Masterdent,,0,,$400,$2.000,,,"4,00",$0
PIEDRA CORAL EXTRA GRUESO,241061,,,0,0,Masterdent,,0,,$400,$2.000,,,"4,00",$0
Piedra para afilar y pulir instrumental arkansas ARCANSAS,15232,,,0,0,Aquiles,,4,,$20.825,$30.000,,,"0,44",$0
Piedra para afilar y pulir instrumental arkansas ARCANSAS HU FRIEDY,HU FRIEDY,,,0,2,DAZA,,3,,$152.320,$190.000,,,"0,25",$304.640
PIEDRA POMEX GRIS Y BLANCA,san jorge agotada AQUILES $4165,,,0,,Drogueria san jorge - centro AQUILES SUPER ,,,,$4.165,$7.000,,,"0,68",$0
PIEDRA ROSADA BALA GRANDE,241001,,,0,0,Masterdent,,96,,$746,$2.000,,,"1,68",$0
PIEDRA ROSADA CILINDRICA,241005,,,0,0,Masterdent,,50,,$400,$2.000,,,"4,00",$0
PIEDRA ROSADA LENTEJA,241014,,,0,0,Masterdent,,37,,$400,$2.000,,,"4,00",$0
PIEDRA ROSADA TRONCOCONICA ,241010,,,0,0,Masterdent,,50,,$746,$2.000,,,"1,68",$0
PIEDRA VERDE BALA GRANDE,241002,,,0,0,Masterdent,,20,,$400,$2.000,,,"4,00",$0
PIEDRA VERDE CILINDRICA,241006,,,0,0,Masterdent,,9,,$400,$2.000,,,"4,00",$0
PIEDRA VERDE LENTEJA,241015,,,0,0,Masterdent,,8,,,$2.000,,,#DIV/0!,$0
PIEDRA VERDE TRONCOCONICA CAJA ,241011,,,0,0,Masterdent,,14,,$400,$2.000,,,"4,00",$0
PIEDRAS ARKANSAS CILINDRICAS UNIDAD (CY-1),,,,0,,RAMON-jorge-aquiles,,,,$2.080,$4.000,,,"0,92",$0
PIEDRAS ARKANSAS CONICA X UNIDAD ,,,,0,,RAMON-jorge-aquiles,,,,$2.080,$4.000,,,"0,92",$0
PIEDRAS ARKANSAS CONICAS DELGADA UNIDAD (CN-1),,,,0,,RAMON-jorge-aquiles,,,,$2.479,$4.000,,,"0,61",$0
PIEDRAS ARKANSAS HUEVO UNIDAD (FL-3A),,,,0,,RAMON-jorge-aquiles,,,,$2.479,$4.000,,,"0,61",$0
PIEDRAS ARKANSAS LLAMA UNIDAD (FL-2),,,,0,,RAMON-jorge-aquiles,,,,$2.479,$4.000,,,"0,61",$0
PIEDRAS ARKANSAS PERA  UNIDAD (RD-1),,,,0,,RAMON-jorge-aquiles,,,,$2.080,$4.000,,,"0,92",$0
PIEDRAS ARKANSAS REDONDA UNIDAD,,,,0,,RAMON-jorge-aquiles,,,,$2.080,$4.000,,,"0,92",$0
PIEZA DE ALTA DINALED ORIGINAL ESTANDAR NSK,NSK,,,0,1,LA MUELA,,2,,$2.488.400,$2.900.000,,,"0,17",$2.488.400
PIEZA DE ALTA PANA MAX PLUS 2  ORIGINAL NSK,NSK,,,0,0,LA MUELA ,,2,,$1.079.000,$1.260.000,,,"0,17",$0
pilas 2A y  3A,,,,0,,CENTRO 40mil,,,,$775,$1.000,,,"0,29",$0
PIMPOLLO ALO COLOR IMPORTADO CH,,CARBURO,,0,0,IMPORTADO,,,,$10.665,$35.000,,$14.000,"2,28",$0
PIMPOLLO CARBURO CHANFER PARA TEMPORALES,241035,CARBURO,,0,0,Masterdent,,,,$10.665,$20.000,,$14.000,"0,88",$0
PIMPOLLO CARBURO CILINDRICO,241034,CARBURO,,0,0,Masterdent,,85,,$10.665,$20.000,,$14.000,"0,88",$0
PIMPOLLO CARBURO CONICO,241032,CARBURO,,0,0,Masterdent  IMPORTADA,,revisar,,$8.532,$20.000,,$14.000,"1,34",$0
PIMPOLLO CARBURO CONICO DELGADO ARO AZUL,,CARBURO,,0,0,Masterdent,,revisar,,$10.665,$20.000,,$14.000,"0,88",$0
PIMPOLLO CARBURO CONO INVERTIDO,241033,CARBURO,,0,0,Masterdent,,revisar,,$10.665,$20.000,,$14.000,"0,88",$0
PIMPOLLO CARBURO CONO INVERTIDO GRANDE TEMPORALES,241037,CARBURO,,0,0,Masterdent,,revisar,,$10.665,$20.000,,$14.000,"0,88",$0
PIMPOLLO CARBURO CONO INVERTIDO PEQUEÑO TEMPORALES,241036,CARBURO,,0,0,Masterdent,,revisar,,$8.532,$20.000,,$14.000,"1,34",$0
PIMPOLLO CARBURO EN BALA,241030,CARBURO,,0,0,Masterdent  IMPORTADA,,revisar,,$8.532,$20.000,,$14.000,"1,34",$0
PIMPOLLO CARBURO EN PERA,241029,CARBURO,,0,0,Masterdent  IMPORTADA,,revisar,,$8.532,$20.000,,$14.000,"1,34",$0
PIMPOLLO CARBURO LLAMA,241028,CARBURO,,0,0,Masterdent  IMPORTADA,,revisar,,$8.532,$20.000,,$14.000,"1,34",$0
PIMPOLLO CARBURO REDONDO,241031,CARBURO,,0,0,Masterdent  IMPORTADO,,,,$10.665,$20.000,,$14.000,"0,88",$0
Pimpollo Diamantado HP caja verde x30,,,,,,AQUILES,,,,$16.958,$75.000,,,,
PIMPOLLO EN  CARBURO TUSGTENO CONICO,,CARBURO,,0,0,AQUILES,,revisar,,$49.934,$70.000,,,"0,40",$0
PIMPOLLO TUNGSTENO CONO INVERTIDO ROJO ,244015,,,0,0,Masterdent  ,,4,,$49.934,$70.000,,,"0,40",$0
PIMPOLLO TUNGSTENO FINO LLAMA,244004,,,0,0,Masterdent  ,,,,$49.934,$70.000,,,"0,40",$0
PIMPOLLO TUNGSTENO GRANO GRUESO FLAMA GRUESA TUSTENO VERDE,244010,,,0,0,Masterdent  ,,15,,$49.934,$70.000,,,"0,40",$0
PIMPOLLO TUNGSTENO GRANO MEDIO FLAMA DELGADA TUSTENO AZUL,244005,,,0,0,Masterdent  ,,16,,$49.934,$70.000,,,"0,40",$0
PIMPOLLO TUNGSTENO GRANO MEDIO FLAMA GRUESA TUSTENO AZUL,244008,w,,0,0,Masterdent  ,,30,,$49.934,$70.000,,,"0,40",$0
PIMPOLLO TUNGSTENO GRANO MEDIO FLAMA GRUESA TUSTENO ROJO,244016,w,,0,0,Masterdent  ,,15,,$49.934,$70.000,,,"0,40",$0
PIMPOLLO TUNGSTENO GRANO MEDIO FLAMA MEDIANA TUSTENO AZUL,244006,,,0,0,Masterdent  ,,22,,$49.934,$70.000,,,"0,40",$0
PIMPOLLO TUNGSTENO GRANO ROJO FINO FLAMA DELGADA TUSTENO ,244003,w,,0,0,Masterdent  ,,28,,$49.934,$70.000,,,"0,40",$0
PIMPOLLO TUNGSTENO MEDIO LLAMA,244007,,,0,0,Masterdent  ,,,,$49.934,$70.000,,,"0,40",$0
PIMPOLLO TUNGSTENO SUPER FINO FLAMA DELGADA AMARILLO TUSTENO,244012,w,,0,0,Masterdent  ,,24,,$49.934,$70.000,,,"0,40",$0
PIN DOBLE laboratorio Mecanica dental,,,,0,0,AQUILES ,,,,$714,$1.500,,,"1,10",$0
PINCEL blanco Eco Pqte ,,,pedir,0,,CENTRO PAPELERIA,,,,$450,$2.000,,,"3,44",$0
PINCEL grande X Pqte ,,,,0,,CENTRO PAPELERIA,,,,$417,$2.000,,,"3,80",$0
Pincel Kollisnky Usa pelo de Martha No. 0,,,,100,0,Aquiles MASTERDENT,,,,$26.537,$35.000,,,"0,32",$0
Pincel Kollisnky Usa pelo de Martha No. 1 plano,,,,0,0,Aquiles MASTERDENT,,,,$26.537,$35.000,,,"0,32",$0
Pincel Kollisnky Usa pelo de Martha No. 1R,,,,0,0,Aquiles MASTERDENT,,,,$26.537,$35.000,,,"0,32",$0
Pincel Kollisnky Usa pelo de Martha No. 2R,245012,,,0,0,Aquiles MASTERDENT,,,,$26.537,$35.000,,,"0,32",$0
Pincel Kollisnky Usa pelo de Martha No. 4 PLANO,245018,,,0,0,Masterdent AQUILES,,,,$26.537,$35.000,,,"0,32",$0
Pincel Kollisnky Usa pelo de Martha No. 4 PUNTA,245014,,,0,0,Aquiles MASTERDENT,,,,$26.537,$35.000,,,"0,32",$0
Pincel para acido mango ,,,,0,0,AQUILES ,,20,,$2.380,$7.000,,,"1,94",$0
PINCEL plano azul #2 Eco,,,,0,,CENTRO PAPELERIA,,,,$1.083,$5.000,,,"3,62",$0
PINCEL plano grueso pelo de martha,,,,0,,CENTRO PAPELERIA,,,,$1.083,$25.000,,,"22,08",$0
PINES MILIMETRICOS X50 PAQ,,,,0,,UPEGUI ramon,,,,$3.500,$8.000,,,"1,29",$0
PINTURA ANTICORRESIVA,,,,0,,CENTRO ARCAR,,,,$1.000,$2.000,,,"1,00",$0
PINZA ADSON CON GARRA instrumental DELTA,TP42,no pedir,,0,,DELTA ,0,,,$54.134,$95.000,,,"0,75",$0
PINZA ADSON SIN GARRA instrumental DELTA,TP41,no pedir,,0,,DELTA ,0,,,$54.134,$95.000,,,"0,75",$0
Pinza algodonera instrumental basico Delta ,DP17,BASICO,,0,,DELTA ,0,,,$43.719,$95.000,,,"1,17",$0
Pinza ortodontica inox portabracket,,,,0,0,CLAUDIA,,pedir,,$38.800,$70.000,,,"0,80",$0
PISTOLA LUXATEM - VYSALIS,soccidentales,,,,,ABRAHAM - IMPORTADO - julvident soccidentales,,3,,$75.000,$130.000,,$110.000,"0,73",$0
pistola para dispensar compule resina,,,,0,,RAMON IMPORTADO,,,,$15.000,$70.000,,$55.000,"3,67",$0
Pistola para dispensar silicona ,,,,0,0,importada soccidentales,,1,,$75.000,$130.000,,$110.000,"0,73",$0
placa ESSYX,,,,0,0,DYMA,,,,,"$650000 promocion $580,000",,,,
placa KEYSTONE,,,,0,0,DYMA,,,,,,,,,
PLACAS ACETATO DURA 0.4,aquiles $1809 / dentmark $2000 / dyma $2500 / GINA $2700,aq,,0,0,JORGE-AQUILES  DYMA DTM,,,,$2.000,$4.000,,,"1,00",$0
PLACAS ACETATO DURA 0.6,dentmark $2000 /aquiles $2475 / dyma $2500 / GINA $2800,det,pedir dentmar,0,80,JORGE-AQUILES  DYMA DTM,,,,$2.000,$4.000,,,"1,00",$160.000
PLACAS ACETATO DURA 0.8,dentmark $2500 /dyma $2500 / aquiles $2994 / GINA $3000,,,0,30,JORGE-AQUILES  DYMA DTM,,,,$2.500,$5.000,,,"1,00",$75.000
"PLACAS DE LATEX BLANDA 0,4",DENTMARK $1800 Dyma $2023  GINA $2400   AQUILES $3213 ,,,0,60,JORGE-AQUILES  DYMA,,80,,$2.300,$4.000,,,"0,74",$138.000
"PLACAS DE LATEX BLANDA 0,6",DENTMARK $2000  Dyma $2142 GINA $2500  AQUILES $3213 ,,,0,30,JORGE-AQUILES  DYMA,,65,,$2.300,$4.000,,,"0,74",$69.000
"PLACAS DE LATEX BLANDA 0,8",DENTMAK $2200 Dyma $2261  GINA $2600  AQUILES $3213 ,,agotado dentamrt,50,50,JORGE-AQUILES  DYMA,,60,,$2.500,$5.000,,,"1,00",$125.000
PLANTILLA PARA CARILLAS VENEER,,,,0,0,IMPORTADO,,16,,$96.206,$280.000,,,"1,91",$0
Plata EMPUJE  1gm,,,,0,0,unidental,,0,,$80.000,$120.000,,,"0,50",$0
Plata Paladio x  1gm,,,,0,0,ITALDEC ,,14,,$120.000,$180.000,,,"0,50",$0
Platina de fox metalica,"aquiles $10,710",,,10,,RAMON aquiles,,,,$10.175,$16.000,,,"0,57",$0
platina de fox plastica,,,,0,0,JORGE,,0,,$3.000,$5.000,,,"0,67",$0
PLATINA PARA ARTICULADOR DE IMANES,,,,0,0,Masterdent,,0,,$11.000,$16.500,,,"0,50",$0
"platinas para articulador, bolsa por PQTE 10 pares",aquiles $3094 dyma $2737,,PEDIR DYMA modelo de platinas,0,20,aquiles jorge DYMA,,12,,$3.278,$4.000,"1,19",,"0,22",$65.569
POLAINAS ZAPATOS,"(ENE 25) MUNDIAL pqt x 50 $14,000// BIOSALUD pqt x 50 $14.000","$680,00",,0,2,BIOSALUD MUNDIAL,,700,,$450,$2.000,,,"3,44",$900
POLVO PROFI JET 120 GR PROQUIDENT,,,,,,PROQUIDENT,,0,07-2026,$15.008,$22.000,,$18.000,"0,47",$0
Porta Adhesivo,,,,0,0,UPEGUI,,13,,$4.500,$10.000,,,"1,22",$0
PORTA CEPILLO POTE TUBO PLASTICO ,,,,0,0,OXXI zendent ,,120,,$1.341,$3.000,,,"1,24",$0
porta cera en aluminio ,,,,0,,aquiles monica ramon,,,,$2.900,$10.000,,,"2,45",$0
PORTA CONOS,241024,,,0,0,Masterdent,,28,,$1.955,$3.500,,,"0,79",$0
porta eyector,,,,0,15,aquiles,,9,,$7.497,$15.000,,,"1,00",$112.455
Porta fresa para contra angulo o pieza de baja,,,,0,0,Alfredo,,0,,$7.000,$15.000,,,"1,14",$0
PORTA INSTRUMENTAL PLASTICO,NO PEDIR,,,0,0,OXXI zendent importado,,5,,$2.200,$5.000,,,"1,27",$0
PORTA LIJA,241023,,,0,0,Masterdent,,40,,$2.197,$4.000,,,"0,82",$0
Portamatriz instrumental Delta,,no pedir,,0,,DELTA ,0,,,$20.000,$30.000,,,"0,50",$0
Poste fibra de vidrio amarillo en blister x5,,,,0,0,IMPORTADA,,21,,$1.800,$15.000,,$10.000,"7,33",$0
"Poste fibra de vidrio Angelus EXACTO # 0,5",,,,0,,ABRAHAM,,0,,$29.400,$36.000,,,"0,22",$0
Poste fibra de vidrio Angelus EXACTO # 1,,,,,,,,,,,,,,,
Poste fibra de vidrio Angelus REFORPOST,,,,0,0,ABRAHAM,,0,,$16.160,$21.000,,,"0,30",$0
Poste fibra de vidrio cuadrado,,,,0,0,IMPORTADA,,17,,$1.800,$15.000,,,"7,33",$0
Poste fibra de vidrio kit cuadrado completo con fresas,,,,0,0,IMPORTADA,,17,,$1.800,$60.000,,,"32,33",$0
Poste fibra de vidrio REDONDO,,,pedir,0,3,IMPORTADA,,1,,$1.800,$15.000,,,"7,33",$5.400
POSTE FIBRA VIDRIO TENAX COLTENE,,,pedi nov 6,0,5,Ultradental ,,,,$25.500,$30.000,EXC,,"0,18",#REF!
POSTE TITANIO TENAX COLTENE,,,,0,0,Ultradental ,,negro 7 blanco 12,,$21.420,$30.000,EXC,,"0,40",#REF!
Prensa para 1 mufla,,,,0,0,Monica AQUILES ,,0,,$48.000,$70.000,,,"0,46",$0
Prensa para 2 muflas ,,,,0,0,Monica AQUILES ,,2,,$94.500,$130.000,,,"0,38",$0
Primma art 7 gr FGM - visacril - visalis  Color A1 ,SOCCID 68300 plus $68000,PRECIO 20 MAYO,68300,0,0,FGM soccident,,,10-2025,$72.000,$100.000,EXC,,"0,39",$0
Primma art 7 gr FGM - visacril - visalis  Color A2,SOCCID 68300 plus $68000,PRECIO 20 MAYO,68300,0,0,FGM soccident,,,1/3/2025 01-2026,$72.000,$100.000,EXC,,"0,39",$0
Primma art 7 gr FGM - visacril - visalis  Color-Bleach,SOCCID 68300 plus $68000,PRECIO 20 MAYO,68300,0,0,FGM soccident,,,04-2025,$72.000,$100.000,exc,,"0,39",$0
Primma art 75gr FGM - visacril - visalis  Color-Bleach,plus $272000,PRECIO 20 MAYO,272600,0,0,FGM soccident,,,,$272.600,$340.000,exc,$210.000,"0,25",$0
probeta de cristal vidrio ,,,,0,0,aquiles,,7,,$25.000,$45.000,,,"0,80",$0
probeta plastica tipo cristal  PQTE X 10,,,,1,10,aquiles,,16,,$3.927,$6.000,,,"0,53",$39.270
Profijet,"imporquirurgica $90,000 importado $52300",,,0,0,BOGOTA,,4,,$115.000,$200.000,,,"0,74",$0
PROTECTOR DE CEPILLO ,,,,0,0,OXXI zendent ,,100,,$141,$500,,,"2,55",$0
Protector de Jeringa TRIPLE x paquete,,,,0,2,RAMON quirudent,,,,$12.000,$20.000,,,"0,67",$24.000
Protector de lampara naranja,,,,0,0,importado,,9,,,,,,,
PULIDOR AZDENT ESPIRAL SHAPEWARD POLISHERS KIT X 3,,,,0,0,IMPORTADO,,5,,$27.500,$90.000,,$60.000,"2,27",$0
PULIDOR AZDENT ESPIRAL SHAPEWARD POLISHERS KIT X 6,,,,0,0,IMPORTADO,,,,$55.000,$150.000,,$110.000,"1,73",
PULIDOR BALA BEIGE GRANO FINO ,240033,w,,0,0,Masterdent AQUILES importado,,70,,$3.618,$9.000,,,"1,49",$0
PULIDOR BALA GRIS GRANO GRUESO,240031,w,,0,0,Masterdent AQUILES importado,,80,,$3.618,$9.000,,,"1,49",$0
PULIDOR BALA VERDE GRANO MEDIANO ,240032,w,,0,0,Masterdent AQUILES importado,,70,,$3.618,$9.000,,,"1,49",$0
PULIDOR DIATECH SHAPEWARD coltene POLISHERS  KIT X 2  espiral,$120.137,PEDI A ULTRAD 5,,0,0,ULTRADENTAL,,18,,$128.520,$165.000,IVA,$148.000,"0,28",$0
PULIDOR EN LLAMA GRANO EXTRA GRUESO ROJO,240037,,,0,0,Masterdent AQUILES,,0,,3605,$9.000,,,"1,50",$0
PULIDOR EN LLAMA GRANO FINO AMARILLO,240040,,,0,0,Masterdent AQUILES,,revisar,,3605,$9.000,,,"1,50",$0
PULIDOR EN LLAMA GRANO GRUESO GRIS,240038,,,0,0,Masterdent AQUILES,,revisar,,3605,$9.000,,,"1,50",$0
PULIDOR EN LLAMA GRANO MEDIANO VERDE,240039,,,0,0,Masterdent AQUILES,,50,,3605,$9.000,,,"1,50",$0
PULIDOR EN PUNTA AMARILLO GRANO FINO,240030,,,0,0,Masterdent AQUILES,,revisar,,$6.249,$9.000,,,"0,44",$0
PULIDOR EN PUNTA GRIS GRANO GRUESO,240028,,,0,0,Masterdent AQUILES,,revisar,,$6.249,$9.000,,,"0,44",$0
PULIDOR EN PUNTA VERDE GRANO MEDIANO,240029,,,0,0,Masterdent AQUILES,,revisar,,$6.249,$9.000,,,"0,44",$0
PULIDOR HONGO GRANO  GRUESO GRIS,240025,,,0,0,Masterdent AQUILES,,12,,$6.249,$9.000,,,"0,44",$0
PULIDOR HONGO GRANO FINO AMARILLO,240027,,,0,0,Masterdent AQUILES,,20,,$6.249,$9.000,,,"0,44",$0
PULIDOR HONGO GRANO MEDIANO VERDE,240026,,,0,0,Masterdent AQUILES,,50,,$6.249,$9.000,,,"0,44",$0
pulidores de fieltro alpino 3mm pequeños pulir ,,,,0,10,la muela ,,10,,$2.700,$6.000,,,"1,22",$27.001
pulidores de fieltro alpino 5mm pequeños pulir ,,,,0,10,la muela ,,10,,$2.700,$6.000,,,"1,22",$27.001
PULIDORES PARA FLEXIBLES - Azul Grano Fino BALA,241060,,,0,0,Masterdent AQUILES,,20,,$4.505,$9.000,,,"1,00",$0
PULIDORES PARA FLEXIBLES - Gris Grano Grueso BALA,241058,,,0,0,Masterdent AQUILES,,20,,$4.505,$9.000,,,"1,00",$0
PULIDORES PARA FLEXIBLES - Rosado Grano Medio BALA,241059,,,0,0,Masterdent AQUILES,,20,,$4.505,$9.000,,,"1,00",$0
PUNTA CAVITRON ,,,,0,,RAMON,,,,$80.000,$150.000,,,"0,88",$0
punta de Pulido one gloss Conica,,,,,,New Stetic,0,,,$6.600,$14.000,,$11.000,"1,12",$0
punta de pulido one gloss Copa,,,,,,New Stetic,0,,,$6.600,$14.000,,,"1,12",$0
punta de pulido one gloss Lenteja ,,,,,,New Stetic,0,,,$6.600,$14.000,,,"1,12",$0
Punta intraoral,,,,0,,RAMON,,,,$250,$1.000,,,"3,00",$0
punta Jeringa TRIPLE plastica ,,,,0,0,aquiles abraham,,40,,$303,$500,,,"0,65",$0
punta Jeringa TRIPLE plastica x paquete,IMPORT $48978,,,0,0,aquiles abraham,,0,,$60.518,$80.000,,,"0,32",$0
punta metalica Jeringa TRIPLE ,IMPORT $1932,,,0,0,hector aquiles ,,100,,$4.760,$8.000,,,"0,68",$0
punta mezcladora cafes para duo link X UNIDAD,,,,,,JULVIDENT,,50,,$1.800,$3.000,,,"0,67",$0
punta mezcladoras amarillas,,,,,,abraham - ramon - julvident,,,,$960,$2.000,,,"1,08",$0
punta mezcladoras Azul naranja por dentro visalis ,,,,,,JULVIDENT,,100,,$976,$3.000,,,"2,07",$0
punta mezcladoras blanca,,,,0,0,,,192,,,,,,#DIV/0!,
punta mezcladoras CUADRADAS NUEVAS TRANSP AZUL,,,,,,JULVIDENT,,100,,$1.875,$3.000,,,"0,60",$0
punta mezcladoras Roja,promo $1594 mayo/25,,,,,JULVIDENT,,100,,$1.594,$3.000,,,"0,88",$0
punta mezcladoras verdes,,,,,,JULVIDENT,,300,,$1.162,$3.000,,,"1,58",$0
Puntas de Papel 1ra  SERIE,DAZA $19278 RAMON $18903 abraham $14530  SOCCID #13800,,,0,0,ABRAHAM RAMON Daza SOCCIDENTALES,,,,$14.900,$20.000,exc,,"0,34",#REF!
Puntas de Papel 2da SERIE,DAZA $19278 RAMON $18903 abraham $14530  SOCCID #13800,,,0,0,ABRAHAM RAMON Daza SOCCIDENTALES,,,,$14.530,$20.000,exc,,"0,38",#REF!
puntas delgada intraoral para duo link ,,,,10,0,ABRAHAM,,,,$2.083,$4.000,,,"0,92",$0
PUNTAS PARA PRIMMA ART AZULES CORTAS INDIVIDUAL ,,,,0,0,FGM,,,,$3.000,$4.000,,$3.000,,
PUNTAS PARA PRIMMA ART AZULES CORTAS PAQUETE X 20,,,,,,FGM,,,,$47.600,$59.500,,$54.000,,
Puntas scaler  x 5 puntas,,,,0,0,LARRY,,0,,$90.000,$170.000,,,"0,89",$0
Puntas scaler  x UNIDAD,,,,0,0,LARRY,,0,,$18.000,$50.000,,,"1,78",$0
quical dycal,,,,,,GAB VEL,,,,$36.000,$45.000,,,,
RADIOGRAFIA AIR TECHNIQUES DIGITAL,,,,0,0,IMPORTADA,,8,,$140.000,$250.000,,,"0,79",$0
Radiografia con iman #2,,,,0,0,importado,,,, $170.210, $290.000,,,,
Radiografia KODAK X CAJA CARESTREAM,,,,0,,RAMON la muela produser,,,,$187.850,$250.000,,,"0,33",$0
RADIOGRAFIA PELICULA FOSFORO ECONOMICA DIGITAL,,,,0,0,IMPORTADA,,0,,$122.670,$220.000,,,1,$0
RADIOGRAFIAS PARA NIÑOS,,,,0,,RAMON,,,,$800,$1.200,,,"0,50",$0
RATONCITOS CAJA X 72,,,pedir,0,1,DENTOLINE,,30,,$51.170,$90.000,,,"0,76",$51.170
RATONCITOS CAJA X 72,zendet x96 $52739 DYMA X 72 $41650,,PEDIR DYMA,0,1,ZENDENT DENTOLINE DYMA,,0,,$41.650,$80.000,,,"0,92",$41.650
RATONCITOS UNIDAD,,,,0,0,ZENDENT,,0,,$578,$2.000,,,"2,46",$0
RAYOS X PARED ,,,,0,,RAMON ,,,,$4.690.000,$5.628.000,,,"0,20",$0
RAYOS X PORTATIL ,,,,0,,RAMON ,,,,$3.960.000,$4.800.000,,,"0,21",$0
RC prep  jeringa caja x 5,,,,1,0,abraham ramon,,,11-2025,$34.270,$42.000,,,"0,23",$0
Recipiente familiar  1.8 litros O 3 rimo,,,,0,,CENTRO- LA 15- la 13 - la mejor,,,,$3.400,$6.000,,,"0,76",$0
Recipiente redondo TAPER hermetico  mini lujo,, ,,0,0,PERSAL CENTRO- LA 15- la 13 ,0,5,,$3.995,$7.000,,,"0,75",$0
registro mordida futar clear TRANSPARENTE X unidad silicona,,silic REG MORD TRANSP,,,,JULVIDENT panasil,4 jun / 9 oct ,22,06-2025,$87.120,$120.000,,$70.000,"0,38",$0
registro mordida futar D silicona,,silic REG MORD,,,,JULVIDENT panasil,,5,,$91.000,$120.000,,$100.000,"0,32",$0
Registro mordida obite DMG SILICONA,,silic REG MORD,,0,0,ABRAHAM,,0,,$96.500,$120.500,,,"0,25",$0
Regular COLTENE silicona medium,,silic REGULAR,,0,0,ULTRADENTAL ,,0,,$82.400,$120.000,,$100.000,"0,46",$0
Regular DMG  silicona medium Silagum,,silic REGULAR,,0,0,ABRAHAM,,0,,$92.600,$115.700,,,"0,25",$0
REGULAR PANASIL Silicona,promo $77350 mayo/25,silic REGULAR,,,,JULVIDENT panasil,,41,,$87.120,$120.000,,,"0,38",$0
Regular ZHERMACK silicona ,euro $109044,silic REGULAR,,0,12,MASDENTAL EURODENT,,0,,$114.500,$160.000,,,"0,40",$1.374.000
Rejillas PAQUETE X 12,aquiles 6664,,,0,0,Aquiles,,20,,$555,$1.500,,,"1,70",$0
RELIX U 2OO ,GABRIEL VELAZQUEZ XM $414.  /// MARKET XM$409.  /// CESAR 450 /// POPAY $415 /// VTA PUBLIC 489,,,0,,GABRIEL VELAZ MARKET MASDENTAL RAMON ,,,08-2025,$415.000,$490.000,exc,,"0,18",$0
Relyx Ultimate Translucido,,,,0,0,Dentales Market,,1,,$331.000,$430.000,exc,,"0,30",$0
removedor de Calculo Taylor CK4 Delta Instrumental,ST2/3 ,,,4,,DELTA ,1,,,$77.091,$105.000,,$95.000,"0,36",$0
Removedor de coronas Tumba coronas en T,CRCH3,,,2,,DELTA ,0,,,$153.153,$230.000,,,"0,50",$0
REPUESTO CEPILLO INTERDENTAL a granel,,,pedir,0,100,DENTOLINE,,30,,$595,$1.000,,,"0,68",$59.500
REPUESTO CEPILLO INTERDENTAL a granel,,,,0,0,ZENDENT,,,,$609,$1.500,,,"1,46",#REF!
REPUESTO LIJA TDV MICROCUT ,,,,0,0,ABRAHAM,,3,18-2027,$64.700,$80.800,"0,19",,"0,25",$0
Repuesto pincel para acido x 50 unidades,,,,0,0,Aquiles,,4,,$8.140,$12.000,,,"0,47",$0
Repuesto pincel para acido x unidad,,BORRAR,,0,0,Aquiles,,200,,$163,$400,,,"1,46",$0
Repuesto reforpost #1,,,,0,0,ABRAHAM,,,,$7.110,$12.000,,,"0,69",$0
Repuesto reforpost #2,,,,0,0,ABRAHAM,,,,$7.110,$12.000,,,"0,69",$0
Repuesto reforpost #3,,,,0,0,ABRAHAM,,,,$7.110,$12.000,,,"0,69",$0
REPUESTO SIERRA TDV MICROCUT ,2508588001,,,0,0,ABRAHAM,,3,03-2027,$64.700,$80.800,,,"0,25",$0
Repuestos de visor  UPEGUI,,,,0,,RAMON DENTAL LA U,,,,$6.000,$9.000,,,"0,50",$0
Repuestos de visor LA U,,,,0,,RAMON DENTAL LA U,,,,$10.000,$16.000,,,"0,60",$0
resin 74,,,,0,,RAMON,,,,$48.500,$72.000,,,"0,48",$0
RESINA 3M  Z 100 A3.5 4g,,,,0,,RAMON,,,,$29.800,$45.000,EXC,,"0,51",$0
Resina 3M  Z 250 B2,la muela $41000 Dora $43000 gabriel velasquez $46900,,,0,,RAMON-DORA-GABRIEL VELAZQUES LA MUELA,,,,$42.000,$60.000,EXC,,"0,43",$0
resina 3M p60-a3,miguel $100 pasto $110,,,0,,RAMON-DORA-GABRIEL VELAZQUES,,,06-2026,$120.000,$180.000,EXC,$150.000,"0,50",$0
resina 3M p60-B2,miguel $100 pasto $110,,,0,,RAMON-DORA-GABRIEL VELAZQUES,,,,$120.000,$180.000,EXC,$150.000,"0,50",$0
RESINA 3M Z 100  A1 4g,,,,0,,RAMON,,,,$29.800,$45.000,EXC,,"0,51",$0
RESINA 3M Z 100  A2 4g,,,,0,,RAMON,,,,$29.800,$45.000,EXC,,"0,51",$0
RESINA 3M Z 100 A3 4g,,,,0,,RAMON,,,,$30.800,$45.000,EXC,,"0,46",$0
RESINA 3M Z 100 B2 4g,,,,0,,RAMON,,,,$29.800,$45.000,EXC,,"0,51",$0
Resina 3M Z 250 A1,la muela $41000 Dora $43000 gabriel velasquez $46901,,,0,5,RAMON-DORA-GABRIEL VELAZQUES LA MUELA,,,,$42.000,$60.000,EXC,,"0,43",$210.000
Resina 3M Z 250 A2,"la muela $41000 Dora $43000 gabriel velasquez $46902 ramon $47,000",,,0,5,RAMON-DORA-GABRIEL VELAZQUES LA MUELA,,,01-2027,$42.000,$60.000,EXC,,"0,43",$210.000
Resina 3M Z 250 A3,la muela $41000 Dora $43000 gabriel velasquez $46903 ramon $47000,,,0,2,RAMON-DORA-GABRIEL VELAZQUES LA MUELA,,,,$42.000,$60.000,EXC,,"0,43",$84.000
Resina 3M Z 350 A1 1g,,,,0,,RAMON-DORA-GABRIEL VELAZQUES,,,,$32.000,$48.000,EXC,,"0,50",$0
Resina 3M Z 350 A1 4g,gabriel velasquez $130000 ramon $160.000,,,0,2,RAMON-DORA-GABRIEL VELAZQUES,,,,$155.000,$180.000,EXC,,"0,16",$310.000
Resina 3M Z 350 A2 1g,,,,0,,RAMON-DORA-GABRIEL VELAZQUES,,,,$32.000,$48.000,EXC,,"0,50",$0
Resina 3M Z 350 A2 4g,gabriel velasquez $153000,,pedir,0,2,RAMON-DORA-GABRIEL VELAZQUES,,,,$155.000,$180.000,EXC,,"0,16",$310.000
Resina 3M Z 350 A3 1g,,,,0,,RAMON-DORA-GABRIEL VELAZQUES,,,,$32.000,$48.000,EXC,,"0,50",$0
Resina 3M Z 350 B1  4g,gabriel velasquez $153000,,,0,,RAMON-DORA-GABRIEL VELAZQUES,,,,$155.000,$180.000,EXC,,"0,16",$0
Resina 3M Z 350 WE  4g,gabriel velasquez $153000,,,0,,RAMON-DORA-GABRIEL VELAZQUES,,,09-2026,$155.000,$180.000,EXC,,"0,16",$0
Resina Applic Dentina A1,,,,0,0,SOCCIDENTALES,,0,,$28.644,$40.000,EXC,,"0,40",$0
Resina Applic Dentina A2,,,,0,0,SOCCIDENTALES,,0,,$28.644,$40.000,EXC,,"0,40",$0
Resina Applic Dentina A3,,,,0,0,SOCCIDENTALES,,0,,$28.644,$40.000,EXC,,"0,40",$0
Resina Applic Dentina A3.5,,,,0,0,SOCCIDENTALES,,0,,$28.644,$40.000,EXC,,"0,40",$0
Resina Applic Esmalte A1,,,,0,0,SOCCIDENTALES,,0,,$28.644,$40.000,EXC,,"0,40",$0
Resina Applic Esmalte A2,,,,0,0,SOCCIDENTALES,,0,,$28.644,$40.000,EXC,,"0,40",$0
Resina Applic Esmalte A3,,,,0,0,SOCCIDENTALES,,0,,$28.644,$40.000,EXC,,"0,40",$0
Resina Applic Esmalte A3.5,,,,0,0,SOCCIDENTALES,,0,,$28.644,$40.000,EXC,,"0,40",$0
Resina bisacrilica LUXATEM DMG,,,,0,0,ABRAHAM,,0,,$389.000,$450.000,,,"0,16",$0
Resina Brillant A1-B1 Dentina,$33.000,,,0,4,ULTRADENTAL,,0,,$46.297,$58.000,EXC,$52.000,"0,25",$185.188
Resina Brillant A1-B1 Esmalte ,$33.000,,,0,4,ULTRADENTAL,,0,,$46.297,$58.000,EXC,$52.000,"0,25",$185.188
Resina Brillant A2-B2 Dentina,$33.000,,,0,5,ULTRADENTAL,,1,,$46.297,$58.000,EXC,$52.000,"0,25",$231.485
Resina Brillant A2-B2 Esmalte ,$33.000,,,0,5,ULTRADENTAL,,0,,$46.297,$58.000,EXC,$52.000,"0,25",$231.485
Resina Brillant A3-D3 Dentina,$33.000,,,0,2,ULTRADENTAL,,1,,$46.297,$58.000,EXC,$52.000,"0,25",$92.594
Resina Brillant A3-D3 Esmalte ,$33.000,,,0,2,ULTRADENTAL,,0,,$46.297,$58.000,EXC,$52.000,"0,25",$92.594
Resina Brillant A3.5   Esmalte ,$33.000,,,0,1,ULTRADENTAL,,0,,$46.297,$58.000,EXC,$52.000,"0,25",$46.297
Resina brillant A3.5 Dentina,$33.000,,,0,1,ULTRADENTAL,,0,,$46.297,$58.000,EXC,$52.000,"0,25",$46.297
Resina Charisma jeringa 4gr BL,,ALTA ESTETICA,,0,0,MASDENTAL,,46,,$180.000,$260.000,EXC,promo fecha $190000,"0,44",$0
Resina Charisma jeringa 4gr BLX,,ALTA ESTETICA,,0,0,MASDENTAL,,29,,$180.000,$260.000,EXC,$220.000,"0,44",$0
Resina Charisma jeringa 4gr OB,,ALTA ESTETICA,,0,0,MASDENTAL,,29,,$180.000,$260.000,EXC,$220.000,"0,44",$0
Resina compuesta uniporcion,,,,0,,abraham ramon,,,,$3.000,$6.000,EXC,,"1,00",$0
Resina Densell Estetic NanoFiller A1 4 G,,,,0,,RAMON,,,,$16.000,$30.000,EXC,,"0,88",$0
Resina Densell Estetic NanoFiller A2 4 G,,,,0,,RAMON,,,,$16.000,$30.000,EXC,,"0,88",$0
Resina Densell Estetic NanoFiller A3 4 G,,,,0,,RAMON,,,,$16.000,$30.000,EXC,,"0,88",$0
Resina EVERX POSTERIOR ,promo 22500,,,0,0,La muela,,1,12-2025,$24.000,$36.000,EXC,$30.000,"0,50",$0
Resina EVERX POSTERIOR  CAJA X15,,,,0,0,La muela,,,,$360.000,$460.000,,$410.000,,
Resina fluida  BRILLANT 2.3G  Solo color  A1,$33.000,,,0,0,ULTRADENTAL,,12,,$33.000,$58.000,EXC,$52.000,"0,76",$0
Resina fluida  BRILLANT 2.3G  Solo color  A2,$33.000,,,0,16,ULTRADENTAL,,0,,$33.000,$58.000,EXC,$52.000,"0,76",$528.000
Resina fluida  BRILLANT 2.3G  Solo color  A3,$33.000,,,0,0,ULTRADENTAL,,0,,$33.000,$58.000,EXC,$52.000,"0,76",$0
Resina fluida  Natural flow Nova DFL 2.4 Gr,,,,0,0,CLAUDIA,,0,,$27.000,$48.000,EXC,,"0,78",$0
resina fluida 3M bulk Fill A1,,,,0,,RAMON ,,,,$88.000,$130.000,EXC,,"0,48",$0
resina fluida 3M bulk Fill A2,,,,0,,RAMON ,,,,$93.000,$130.000,EXC,,"0,40",$0
Resina fluida Applic FLow  Maquira 2 Gr A3,ramon $29.000 COMPRE socci 22880 ORTHO PROF $20.000,,,0,0,RAMON SOCCIDENTALES CLAUDIA,,,,$22.880,$38.000,EXC,,"0,66",$0
Resina fluida applic FLow Maquira 2 Gr A1,ramon $29.000 COMPRE socci 22880 ORTHO PROF $20.000,,,0,0,RAMON SOCCIDENTALES CLAUDIA,,,,$22.880,$38.000,EXC,,"0,66",$0
Resina fluida applic FLow Maquira 2 Gr A2,ramon $29.000 COMPRE socci 22880 ORTHO PROF $20.000,PRECIO 20 MAYO,22000,0,0,RAMON SOCCIDENTALES CLAUDIA,,,,$22.880,$38.000,EXC,$28.000,"0,66",$0
Resina Fluida Densell Hibrilux A1 Jeringa 1Gr,,,,0,5,RAMON DORA,,,,$25.000,$36.000,EXC,,"0,44",$125.000
Resina Fluida Densell Hibrilux A2 Jeringa 1Gr,,,,0,5,RAMON DORA,,,02-2027,$25.000,$36.000,EXC,,"0,44",$125.000
resina fluida wave SDI A3,,,,0,0,CLAUDIA,,0,,$31.600,$44.000,EXC,,"0,39",$0
resina fluida wave SDI GENGI,,,,0,0,CLAUDIA,,0,,$31.600,$44.000,EXC,,"0,39",$0
Resina Forma Ultradent A1 B ALTA ESTETICA,gabriel velasq $79458,PRECIO 20 MAYO,62500,0,0,Gabriel Vel pluss ,2,1,,$76.458,$98.000,EXC,$88.000,"0,28",$0
Resina Forma Ultradent A1 D,,,,0,0,Gabriel Vel pluss ,1,2,,$76.458,$98.000,EXC,$88.000,"0,28",$0
Resina Forma Ultradent A1 E,,,,0,0,Gabriel Vel pluss ,1,0,,$76.458,$98.000,EXC,$88.000,"0,28",$0
Resina Forma Ultradent A2 B,,,,0,0,Gabriel Vel pluss ,1,2,,$76.458,$98.000,EXC,$88.000,"0,28",$0
Resina Forma Ultradent A2 D,,PRECIO 20 MAYO,62500,0,0,Gabriel Vel pluss ,2,1,,$76.458,$98.000,EXC,$88.000,"0,28",$0
Resina Forma Ultradent A2 E,,,,0,0,Gabriel Vel pluss ,1,4,,$76.458,$98.000,EXC,$88.000,"0,28",$0
Resina Forma Ultradent BL1,,PRECIO 20 MAYO,62500,0,0,Gabriel Vel pluss ,1,0,03-2027,$76.458,$98.000,EXC,$88.000,"0,28",$0
Resina Forma Ultradent BL2 ,,PRECIO 20 MAYO,62500,0,0,Gabriel Vel pluss ,1,7,05-2027,$76.458,$98.000,EXC,$88.000,"0,28",$0
Resina Forma Ultradent INCISAL ,,PRECIO 20 MAYO,62500,0,0,Gabriel Vel pluss ,1,0,03-2027,$76.458,$98.000,EXC,$88.000,"0,28",$0
Resina Forma Ultradent traslucida,,,,0,0,Gabriel Vel pluss ,2,3,03-2027,$76.458,$98.000,EXC,$88.000,"0,28",$0
Resina Forma Ultradent XWB ,,PRECIO 20 MAYO,62500,2,0,Gabriel Vel pluss ,0,4,04-2027,$76.458,$98.000,EXC,$88.000,"0,28",$0
Resina Forma Ultradent XWE,,,,0,0,Gabriel Vel pluss ,2,4,04-2027,$76.458,$98.000,EXC,$88.000,"0,28",$0
RESINA KERR Herculite A1 Enamel,,,,0,0,Pluss Dent GAB VEL,1,0,,$97.600,$120.000,EXC,$102.000,"0,23",$0
RESINA KERR Herculite A2 Enamel,,,,0,0,Pluss Dent GAB VEL,1,0,,$97.600,$120.000,EXC,$102.000,"0,23",$0
RESINA KERR Herculite XL Enamel,promo junio $87860,,,0,0,Pluss Dent GAB VEL,6,15,03-2027,$97.600,$120.000,EXC,$102.000,"0,23",$0
RESINA KERR Herculite XL2 Enamel,promo junio $87860,,,0,0,Pluss Dent GAB VEL,11,10,02-2027,$97.600,$120.000,EXC,$102.000,"0,23",$0
RESINA KERR Neofil A1  4 gramos,,,,0,0,Pluss Dent GAB VEL,0,0,04-2027,$26.700,$38.000,EXC,,"0,42",$0
RESINA KERR Neofil A2  4 gramos,,,,0,0,Pluss Dent GAB VEL,0,0,04-2027,$26.700,$38.000,EXC,,"0,42",$0
RESINA KERR Neofil A3  4 gramos,,,,0,0,Pluss Dent GAB VEL,0,0,,$26.700,$38.000,EXC,,"0,42",$0
Resina LLIS FGM D - A1 dentina,promo 27000 SOCCID $29600 plus $28500,,,0,0,FGM soccident,,,,$28.800,$46.000,EXC,,"0,60",$0
Resina LLIS FGM D - A2 dentina,promo 27000 SOCCID $29600 plus $28500,,,0,0,FGM soccident,,,,$28.800,$46.000,EXC,,"0,60",$0
Resina LLIS FGM D - A3  dentina,,,,0,0,FGM soccident,,,,$28.800,$46.000,EXC,,"0,60",$0
Resina LLIS FGM D - A3.5 dentina,,,,0,0,FGM soccident,,,,$28.800,$46.000,EXC,,"0,60",$0
Resina LLIS FGM E - A1 esmalte,,,,0,0,FGM soccident,,,,$28.800,$46.000,EXC,,"0,60",$0
Resina LLIS FGM E - A2 esmalte,,,,0,0,FGM soccident,,,,$28.800,$46.000,EXC,,"0,60",$0
Resina LLIS FGM E - A3 esmalte,,,,0,0,FGM soccident,,,,$28.800,$46.000,EXC,,"0,60",$0
Resina LLIS FGM E - A3.5  esmalte,,,,0,0,FGM soccident,,,,$28.800,$46.000,EXC,,"0,60",$0
Resina Opallis Flow Fluida A1 FGM,antioq $30000 soccid $ 28700 plus $28800,,,0,0,FGM SOCCIDENTAL,,,,$30.400,$48.000,EXC,,"0,58",$0
Resina Opallis Flow Fluida A2  FGM ,antioq $30000 soccid $ 28700 plus $28800,,,0,0,FGM SOCCIDENTAL,,,,$30.400,$48.000,EXC,,"0,58",$0
Resina Opus Flow APS BULK FILL A1,compre promo $59500,,,0,2,FGM masdental soccidentales,,0,,$72.000,$100.000,,,"0,39",$144.000
Resina Opus Flow APS BULK FILL A2,compre promo $59501,PRECIO 20 MAYO,62000,0,2,FGM masdental soccidentales,,0,06-2025,$72.000,$100.000,,,"0,39",$144.000
RESINA ORTODONCIA HELIOSIT ,,,,0,0,no se,,0,,$23.000,$40.000,EXC,,"0,74",$0
Resina Palfique LX5 TOKUYAMA color A1,promo $170.000 mayo/25,,,,,JULVIDENT MASDENTAL,,1,,$213.000,$260.000,EXC,$200.000,"0,22",$0
Resina Palfique LX5 TOKUYAMA color A2 esmalte,promo $170.000 mayo/25,,,,,JULVIDENT MASDENTAL,,0,,$213.000,$260.000,EXC,$200.000,"0,22",$0
Resina Palfique LX5 TOKUYAMA color BW,promo $170.000 mayo/25,,,,,JULVIDENT MASDENTAL,,1,,$213.000,$260.000,EXC,$200.000,"0,22",$0
Resina Palfique LX5 TOKUYAMA color WE,promo $170.000 mayo/25,,,,,JULVIDENT MASDENTAL,,0,,$213.000,$260.000,EXC,$200.000,"0,22",$0
resina restaurativa compuesta 3M bulk Fill A2,miguel $100,,,0,,RAMON ,,,,$88.000,$130.000,EXC,,"0,48",$0
Resina SDI LUNA Enamel 4 g,,,,0,0,ABRAHAM,,0,,$40.000,$54.000,EXC,,"0,35",$0
Resina Solare LATIN Amarilla A1,,,,0,0,La muela,,3,01-2026,$87.250,$115.000,EXC,$94.000,"0,32",$0
Resina Solare LATIN Amarilla A2,,,,0,0,La muela,,3,02-2026,$87.250,$115.000,EXC,$94.000,"0,32",$0
Resina Solare P A2,promo $70.125,,,0,0,La muela,,0,,$79.476,$115.000,EXC,$94.000,"0,45",$0
Resina Solare P A3,,,,0,0,La muela,,1,10-2026,$79.476,$115.000,EXC,$94.000,"0,45",$0
Resina Solare X A1,,,,0,0,La muela,,3,12-2025,$83.600,$115.000,EXC,$94.000,"0,38",$0
Resina Solare X A2,,,,0,0,La muela,,3,11-2026,$83.600,$115.000,EXC,$94.000,"0,38",$0
Resina Solare X A3,,,,0,0,La muela,,1,04-2026,$83.600,$115.000,EXC,$94.000,"0,38",$0
Resina Solare X A3.5,,,,0,0,La muela,,1,06-2026,$83.600,$115.000,EXC,$94.000,"0,38",$0
Resina Solare X B2,,,,0,0,La muela,,3,07-2026,$83.600,$115.000,EXC,$94.000,"0,38",$0
Resina Solare X XWT,,,,0,0,La muela,,3,01-2026,$83.600,$115.000,EXC,$94.000,"0,38",$0
Resina Vitra UNIQUE APS 2gr,antioq $72000 soccid $ 96800 +1 flow plus$87200,PRECIO 20 MAYO,51200,0,3,FGM masdental ,,0,05-2026,$72.000,$120.000,EXC,$98.000,"0,67",$216.000
Resina Vitra UNIQUE APS 4gm ,antioq $72000 soccid $ 96800 +1 flow,,,0,0,FGM masdental ,,2,,$116.000,$152.000,EXC,$98.000,"0,31",$0
Resina Zafira Dentina A1,,kit zafira ,,,,New Stetic,1,,,$72.300,$89.000,exc,$75.000,"0,23",$0
Resina Zafira Dentina A2,,kit zafira ,,,,New Stetic,3,,,$72.300,$89.000,exc,$75.000,"0,23",$0
Resina Zafira Dentina A3,,kit zafira ,,,,New Stetic,2,,03-2027,$72.300,$89.000,exc,$75.000,"0,23",$0
"Resina Zafira Dentina A3,5",,kit zafira ,,,,New Stetic,0,,06-206,$72.300,$89.000,exc,$75.000,"0,23",$0
Resina Zafira Dentina B1,,kit zafira ,,,,New Stetic,6,,08-2025,$72.300,$89.000,exc,$75.000,"0,23",$0
Resina Zafira Dentina B1,,,,0,0,,,6,,$72.300,,,,,
Resina Zafira Dentina BL,375,ALTA ESTETICA,,,,New Stetic,2,,,$72.300,$89.000,exc,$75.000,"0,23",$0
Resina Zafira Dentina BLX,,ALTA ESTETICA,,,,New Stetic,3,,,$72.300,$89.000,exc,$75.000,"0,23",$0
Resina Zafira Esmalte A1,140,kit zafira ,,,,New Stetic,6,,,$72.300,$89.000,exc,$75.000,"0,23",$0
Resina Zafira Esmalte A2,10,,,,,New Stetic,1,,5-2027,$72.300,$89.000,exc,$75.000,"0,23",$0
Resina Zafira Esmalte A3,,,,,,New Stetic,3,,10-2026,$72.300,$89.000,exc,$75.000,"0,23",$0
Resina Zafira Esmalte B1,,kit zafira ,,,,New Stetic,3,,11-2025,$72.300,$89.000,exc,$75.000,"0,23",$0
Resina Zafira Esmalte BL,,ALTA ESTETICA,,,,New Stetic,5,,05-2027,$72.300,$89.000,exc,$75.000,"0,23",$0
Resina Zafira Esmalte BLX,,ALTA ESTETICA,,,,New Stetic,1,,,$72.300,$89.000,exc,$75.000,"0,23",$0
Resina Zafira Insisal,,,,,,New Stetic,5,,,$72.300,$89.000,exc,$75.000,"0,23",$0
Resina Zafira Opacador ,,,,,,New Stetic,5,,,$72.300,$89.000,exc,$75.000,"0,23",$0
Resinas Spectra Basic A1  4g,,,,0,,RAMON,,,,$22.000,$35.000,EXC,,"0,59",$0
Resinas Spectra Basic A2 4g,,,,0,,RAMON,,,,$22.000,$35.000,EXC,,"0,59",$0
Resinas Spectra Basic A3  4g,,,,0,,RAMON,,,,$22.000,$35.000,EXC,,"0,59",$0
Resinas Spectra Basic A3.5  4g,,,,0,,RAMON,,,,$22.000,$35.000,EXC,,"0,59",$0
resistencia electrodo COD 734,,,,0,,CENTRO HOYOSTOOL 40mil KRIKA,,,,$2.500,$5.000,,,"1,00",$0
Retracfar Cloruro de aluminio 7ml ,,,,0,0,ramon EUFAR PRODONT AQUILES,,,,$9.685,$15.000,,$12.000,"0,55",$0
Retractor de tejidos,,BORRAR,,0,0,no,,0,,$1,$1,,,"0,00",$0
Revelador de placa bacteriana gota ,ZENDET $3213,,,0,,zendent ramon AQUILES ,,,,$5.343,$9.000,,,"0,68",$0
Revelador de placa bacteriana gota 10ml,proquident 5930,,,,,PROQUIDENT ZENDENT,,22,,$6.405,$9.000,,,"0,41",$0
Riñonera,,,,0,0,aquiles BOGOTA,,10,,$21.090,$36.000,,,"0,71",$0
ROLLO DATAFONO ,,BORRAR,,0,0,CREDIBANCO ,,5,,$1,$1,,,"0,00",$0
RUEDA GRIS GRANO GRUESO,240001,,,0,0,Masterdent,,80,,$381,$1.000,,,"1,63",$0
RUEDA ROJA GRANO FINO,240003,,,0,0,Masterdent,,40,,$427,$1.500,,,"2,51",$0
RUEDA SILICONADA/ PORCELANA GRANO FINO DISCO PQ X 20,240015,,,0,0,Masterdent,,20,,$837,$1.500,,,"0,79",$0
RUEDA SILICONADA/ PORCELANA GRANO FINO REDONDA PQ X 20,240009,,,0,0,Masterdent,,20,,$940,$2.000,,,"1,13",$0
RUEDA SILICONADA/ PORCELANA GRANO GRUESO DISCO PQ X 20,240011,,,0,0,Masterdent,,80,,$837,$1.500,,,"0,79",$0
RUEDA SILICONADA/PORCELANA GRANO GRUESO REDONDA PQ X 20,240005,,,0,0,Masterdent,,30,,$837,$1.500,,,"0,79",$0
RUEDA SILICONADA/PORCELANA GRANO MEDIO DISCO PQ X 20,240013,,,0,0,Masterdent,,30,,$837,$1.500,,,"0,79",$0
RUEDA SILICONADA/PORCELANA GRANO MEDIO REDONDA PQ X 20,240007,,,0,0,Masterdent,,30,,$837,$1.500,,,"0,79",$0
RUEDA VERDE GRANO MEDIANO,240002,,,0,0,Masterdent,,21,,$300,$1.000,,,"2,33",$0
Scaler DTE D1,1,,,0,0,ABRAHAM,,,,$706.000,$882.000,,,,
Scaler DTE D5 CON LUZ LED,,,,0,0,ABRAHAM,,,,$1.154.000,$1.443.000,,,,
Scaler DTE D5 SIN LUZ,1,,,0,0,ABRAHAM,,,,$1.005.000,$1.256.000,,,,
Scaler neumático,,,,0,0,LARRY,,1,,,$450.000,,,#DIV/0!,$0
SEALAPEX,,,,1,,RAMON  PLUSS DENT,1,,02-2026,$185.600,$220.000,exc,,"0,19",$0
seda dental  teflon 50  mts proquident,,,,,,PROQUIDENT,,0,,$13.370,$18.000,,,"0,35",$0
SEDA DENTAL 80MT Mediana,,,,0,0,ZENDENT DENTOLINE,,31,07-2029,$4.282,$6.000,,,"0,40",$0
SEDA DENTAL BLISTER X 30 MT PEQUENA,,,,0,0,ZENDENT DENTOLINE,,10,05-2027,$2.975,$4.000,,,"0,34",$0
SEDA DENTAL MENTA CON CERA 50MT,,,,0,0,DENTOLINE,,0,,$2.592,$4.500,,,"0,74",$0
SEDA DENTAL SAMI  X 20 MT,,,,0,0,DENTOLINE,,6,,$1.083,$3.000,,,"1,77",$0
Seda dental SAMI x 400 mts en bolsa ,,,,0,0,DENTOLINE,,3,,$5.000,$8.500,,,"0,70",$0
Seda dental x 400 mts en bolsa GRANDE,,,,,,proquident zendent DENTOLINE,,0,04-2027,$6.288,$9.000,,,"0,43",$0
SEGUETA SIERRA ARCO TDV MICROCUT ,,,,0,0,ABRAHAM,,1,02-2029,$188.200,$235.000,,$194.000,"0,25",$0
Segueta tipo NEY,,,,0,0,Masterdent aquiles,,2,,$7.259,$12.000,,$10.000,"0,65",#REF!
sellante de fosas y fisuras Maxseal  Maquira,,,,10,10,SOCCIDENTALES CLAUDIA,,2,,$29.040,$40.000,,$34.000,"0,38",$290.400
sellante de fotocurado i-seal lc,,,,0,0,gabriel vel,,0,,$29.500,$36.000,,,"0,22",$0
sellante de resina Conseal SDI,,,,4,0,ABRAHAM  CLAUDIA,,3,,$37.000,$46.000,EXC,,"0,24",$0
sellante de resina otra marca,,,,0,,RAMON,,,,$10.000,$15.000,EXC,,"0,50",$0
Sellante Fluroshield denstplay 2gm,,,,0,,RAMON,,,,$26.180,$39.000,,,"0,49",$0
Sellante resina uniporcion ,,,,0,,abraham-ramon,,,,$2.200,$6.000,EXC,,"1,73",$0
SEPARADOR DE LENGUA BSA X 40,,,,0,2,RAMON quirudent,,,,$22.000,$32.000,,,"0,45",$44.000
servilleta doblada 4 x 100 familia,,,,0,0,tropicali - limpiahogar,,0,,$1.462,$2.500,,,"0,71",$0
SIERRA manual TDV microcut  x 1 ,,,,0,0,ABRAHAM,,0,,$13.759,$20.000,,$16.000,"0,45",$0
SIERRA manual TDV microcut  x paquete 10 ,2206802401,,,0,0,ABRAHAM,,1,11-2027,$144.800,$181.100,,,"0,25",$0
Silano Angelus ,,PRECIO 20 MAYO,34300,3,0,ABRAHAM,,2,,$32.590,$46.000,exc,,"0,41",$0
Silano Maquira  5 ML,,,,0,0,RAMON SOCCIDENTALES CLAUDIA,,,,$28.000,$54.000,exc,$44.000,"0,93",$0
Silano Prosil FGM ,SOCCID $28700 plus $,PRECIO 20 MAYO,28700,0,0,FGM soccident,,,11-2025,$32.000,$54.000,,,"0,69",$0
Silano Ultradent en jeringa 1.2ml ,gabriel velasquez $217458 pluss $20885,,,0,0,Gabriel Vel pluss ,3,4,,$26.760,$54.000,,$35.000,"1,02",$0
SILICONA  KIT 1 LIVIANA Y PESADA SILAGUM DMG,,Silic KIT,,0,0,ABRAHAM,,0,,$266.300,$333.500,"1,19",,"0,25",$0
SILICONA  KIT 2 LIVIANA Y 1 PESADA SILAGUM DMG,,Silic KIT,,0,0,ABRAHAM,,0,,$248.000,$352.000,"1,19",,"0,42",$0
SILICONA  LIVIANA SILAGUM DMG,297770,Silic LIV,,0,0,ABRAHAM,,6,02-2027,$82.900,$110.000,"1,19",,"0,33",$0
SILICONA  liviana ZHERMACK,,Silic LIV,,0,,RAMON market masdental EURODENT,,,,$110.000,$160.000,,$130.000,"0,45",$0
SILICONA  pesada 200  ZHERMACK,pesada,silic PESADA,,0,,RAMON market masdental EURODENT,,,,,$120.000,,,#DIV/0!,$0
SILICONA  PESADA SILAGUM DMG,292818,silic PESADA,,0,0,ABRAHAM,,1,,$213.000,$266.300,"1,19",,"0,25",$0
Silicona activador indurent gel ZETALABOR,,,,0,2,DENTALES MARKET eurodent,,0,,$43.769,$60.000,,,"0,37",$87.538
SILICONA LIVIANA COLTENE PRESIDENT ,,Silic LIV,,0,0,ULTRADENTAL ,,10,,$82.400,$120.000,,$98.000,"0,46",$0
silicona panasil initial contac light liviana ,promo $77.350 mayo/25,Silic LIV,,,,JULVIDENT panasil,,40,$120,$91.000,$120.000,"1,19",$98.000,"0,32",$0
silicona panasil putty soft pesada 400ml,,silic PESADA,,,,JULVIDENT panasil,,189,$210,$180.000,$210.000,"1,19",$180.000,"0,17",$0
silicona panasil putty soft pesada 900 ml,promo $345950 mayo/25,silic PESADA,,,,JULVIDENT panasil,,5,,$407.000,$450.000,,$440.000,"0,11",$0
Silicona Pesada KEER EN CARTUCHO,,,,,,plussdent,,,,$86.811,$120.000,,,,
silicona PESADA panasil 900ml x porciones (56 unidades) x 15gr CON TAPA  ,,,,0,0,unidental,SILIC,0,,$8.036,$10.000,,,"0,24",$0
Silicona Pesada President COLTENE 300 ML,pesada,silic PESADA,,0,0,ULTRADENTAL ,,8,,$144.500,$210.000,,,"0,45",$0
SILICONA TRANSPARENTE ELITE GLASS ZHERMACK,euro $101834,silic REG MORD TRANSP,,0,0,MARKET EURODENT,,8,,$101.800,$160.000,,,"0,57",$0
Silicona Zetalabor x 900 grs,,,,0,0,DENTALES MARKET eurodent,,0,,$84.141,$110.000,,,"0,31",$0
SISTEMA DE PULIDO DE DIAMANTE DISCO RUEDA 14 MM RA SOFLEX 3M ROJO PAQUETE X 10,,,,0,0,IMPORTADO,,,,$3.280,$20.000,,,,
Solucion salina suero  x 100 ml,Allers $2455,,,0,0,ALLERS,,38,,$2.455,$4.000,exc,,"0,63",$0
Solucion salina suero x 250 ml,Allers $3169,,,0,0,ALLERS,,30,,$3.169,$5.000,exc,,"0,58",$0
Solucion salina suero x 500 ml,Allers $2882,,,0,0,ALLERS,,16,,$2.882,$6.000,exc,$4.000,"1,08",$0
Sonda Carolina Nte instrumental ,,,,0,0,ABRAHAM,,revisar,,$85.100,$106.400,,,,
Sonda Carolina Nte instrumental color DELTA,PCUNC15,,,10,,DELTA ,0,,,$79.730,$110.000,,,"0,38",$0
Sonda Color instrumental DELTA,PC11,SANDRA ,,0,,DELTA ,0,,,$59.342,$95.000,,,"0,60",$0
Sonda Color instrumental DELTA,PC12,SANDRA ,,0,,DELTA ,0,,,$59.342,$95.000,,,"0,60",$0
Sonda COLOR PLASTICA para implantes 20mm hu-friedy,HU FRIEDY,,,0,0,daza,,,,$176.400,$190.000,,,,
Sonda de Nabers Delta  COLOR PQ2N,PQ2N,,,6,,DELTA ,3,,,$123.284,$148.000,,$135.000,"0,20",$0
SONDA NABERS American Eagle MONTANA,,,,0,0,ABRAHAM,,revisar,,$135.980,$152.000,,,"0,12",$0
sonda nabers LN,,,,0,0,Pluss dent,0,1,,,$135.000,,,,
Sonda periodont delta williams goldman ,PGF/W,SANDRA ,,0,,DELTA ,0,,,$43.940,$95.000,,,"1,16",$0
SONDA WHO PC11.5B6 HU FRIEDY,HU FRIEDY,,,0,0,ABRAHAM,,revisar,,$165.000,$200.000,,,"0,21",$0
SOPORTE ACRILICO PARA ARCOS ORTODONCIA,,,,0,0,IMPORTADA,,3,,$42.000,$70.000,,,"0,67",
Soporte de pinza de ortodoncia,,,,0,0,IMPORQ,,3,,$46.560,$90.000,,,"0,93",
soporte rollo algodon PORTA ALGODON,,,,0,0,IMPORTADA,,0,,$319,$1.000,,,"2,13",$0
SUPER POST O PARA POST PAQ X 5,,,,0,,RAMON,,,,$10.000,$20.000,,,"1,00",$0
Sutura braun silkam 4/0 seda ds19,Allers $8044,,,0,0,ALLERS,,0,,$7.318,$11.000,,,"0,50",$0
Sutura braun silkam 5/0 seda ds19,Allers $9097,,,0,0,ALLERS,,0,,$7.741,$11.000,,,"0,42",$0
Sutura Dafilon 3/0 ( DS 19 ) punta cortante ,,,,0,0,ALLERS,,revisar,,$7.233,$11.000,,,"0,52",$0
Sutura Dafilon 4/0 ( DS 19 ) punta cortante ,Allers $8485,,,0,0,ALLERS,,revisar,,$7.625,$11.000,exc,,"0,44",$0
Sutura Dafilon 5/0 ( DS 16 ) punta cortante ,,,,0,0,ALLERS,,revisar,,$7.233,$11.000,exc,,"0,52",$0
Sutura Dafilon 5/0 ( DS 19 ) punta cortante ,Allers $7778,,,0,0,ALLERS,,revisar,,$7.354,$11.000,exc,,"0,50",$0
Sutura Dafilon 6/0 ( DS 16 ) punta cortante ,Allers $9373,,,0,0,ALLERS,,revisar,,$9.181,$11.000,exc,,"0,20",$0
Sutura Dafilon 6/0 ( DS 19 ) punta cortante ,,,,0,0,ALLERS,,revisar,,$7.233,$11.000,exc,,"0,52",$0
Sutura POLYPROPYLENE 3/0 nylon ,dentmar $15.000 imporq $12.000,,,0,0,IMPORQ,,31,1/11/2025 10-2028,$14.000,$38.000,exc,$28.000,"1,71",$0
Sutura POLYPROPYLENE 4/0 nylon ,dentmar $15.000 imporq $12.000,,,0,0,IMPORQ,,64,04-2027,$14.000,$38.000,exc,$28.000,"1,71",$0
Sutura POLYPROPYLENE 5/0 nylon ,dentmar $15.000 imporq $12.000,,,0,0,IMPORQ,,51,10-2027,$14.000,$38.000,exc,$28.000,"1,71",$0
Sutura POLYPROPYLENE 6/0 nylon ,dentmar $15.000 imporq $12.000,AGOTADO,,0,0,IMPORQ,,9,07-2027,$14.000,$38.000,exc,$28.000,"1,71",$0
Sutura Premilene 3/0 ( HR 17 ) punta redonda  ,Allers $16964,,,0,0,ALLERS,,0,,$5.303,$11.000,,,"1,07",$0
Sutura Premilene 4/0 ( HR 17 ) punta redonda  ,Allers $17585,,,0,0,ALLERS,,0,,$5.303,$11.000,,,"1,07",$0
Sutura Premilene 5/0 ( HR 17 ) punta redonda  ,Allers $18578,,,0,0,ALLERS,,0,,$5.303,$11.000,,,"1,07",$0
Sutura SEDA 3/0,denmart $12.500 imporq $12.000,,,0,0,IMPORQ,,72,04-2028,$13.000,$30.000,exc,$24.000,"1,31",$0
Sutura SEDA 4/0,denmart $12.500 imporq $12.000,,,0,0,IMPORQ,,45,10-2027,$13.000,$30.000,exc,$24.000,"1,31",$0
Sutura SEDA 5/0,denmart $12.500 imporq $12.000,,,0,6,IMPORQ,,26,08-2026,$13.000,$30.000,exc,$24.000,"1,31",$78.000
Sutura SEDA 6/0,denmart $12.500 imporq $12.000,,,0,0,IMPORQ,,5,08-2026,$13.000,$30.000,exc,$24.000,"1,31",$0
Sutura VICRYL - Poliglicolico 3/0,Allers $16019,,,0,0,IMPORQ ALLERS,,26,10-2028,$55.000,$98.000,exc,$80.000,"0,78",$0
Sutura VICRYL - Poliglicolico 4/0,Allers $16301,,,0,0,IMPORQ ALLERS,,31,10-2028,$6.600,$98.000,exc,$80.000,"13,85",$0
Sutura VICRYL - Poliglicolico 5/0,,,,0,0,IMPORQ ALLERS,,74,10-2027,$55.000,$98.000,exc,$80.000,"0,78",$0
Sutura VICRYL - Poliglicolico 6/0,Allers $28451,,,0,0,IMPORQ ALLERS,,8,10-2026,$55.000,$98.000,exc,$80.000,"0,78",$0
System IN LAY TELIO MORADO universal cavidad profunda ,ramon $107 emma $100 euro $89922,,,0,0,masdental emma EURODENT,,1,06-2026,$94.418,$136.000,exl,$108.000,"0,44",$0
System ON LAY TELIO ROSADO universal  cavidad superficial ,ramon $107 emma $100 euro $89922,,,0,3,masdental emma EURODENT,,0,06-2026,$94.418,$136.000,exl,$108.000,"0,44",$0
tacos de mordida  surtidos S M L ,,,,0,0,Importada aquiles ,,,,$3.957,$8.000,,,"1,02",$0
tacos de mordida L (verde),,,,0,0,Importada aquiles ,,50,,$3.054,$8.000,,,"1,62",$0
tacos de mordida M (azul),,,,0,0,Importada aquiles ,,68,,$3.054,$8.000,,,"1,62",$0
Tacos de mordida pte x 2 Maquira ,,,,0,0,CLAUDIA ,,0,,$2.800,$14.000,,,"4,00",$0
tacos de mordida S (Morado),,,,0,0,Importada aquiles ,,85,,$3.054,$8.000,,,"1,62",$0
TALEGA DE JEAN ,,,,0,0,Biosalud,,,,,$11.000,,,,
Tapaboca desechable CAJA EMPAQUE INDIVIDUAL IMPORTADO,"(ENE/25)  MUNDIAL  azul $7.000 negro y rosado $8.000  //JAIRO CENTRO $9,000",,,0,8,IMPORQ MUNDIAL,,,,$11.000,$18.000,,,"0,64",$88.000
Tapaboca desechable CAJA EMPAQUE X 50 AZUL EMPAQUE GRANEL,"(ENE/25) imporquirurguica $5,500 //MUNDIAL granel azul $4,200negro $5200  //JAIRO CENTRO $8,500",,,0,10,IMPORQ MUNDIAL,,,,$10.000,$18.000,,,"0,80",$100.000
Tapaboca desechable empaque individual color rosado - negro,"(ENE/25) MUNDIAL azul $7000 negro y rosado $8,000",,,0,,CENTRO MUNDIAL ,,,,$6.600,$10.000,,,"0,52",$0
Tapaboca Resortado azul y blanco ,,,,0,,CENTRO,,,,$6.500,$10.000,,,"0,54",$0
TARRO CAFE PORCIONAR KOOLINER,,,,0,,centro otorgo discordoba,,,,,,,,,
TARRO GOTERO PORCIONAR DURACRYL Y JOTA PEQUEÑO ,,,,0,,centro otorgo,,,,,,,,,
TARRO GOTERO PORCIONAR GLICERINA - BELLAVEST GRANDE 40cc,,,,0,,centro otorgo,,,,$159,$500,,,"2,14",
Tarro Guardian mediano 1 LT,Allers $3385,,,0,0,ALLERS AQUILES ,,,,$3.386,$5.000,"0,19",,"0,48",$0
Tarro Guardian mediano 1.5 LT,Allers $3772,,,0,0,ALLERS AQUILES ,,7,,$3.772,$7.000,"0,19",,"0,86",$0
Tarro Guardian mediano 2.5 LT,,,,0,0,ALLERS AQUILES ,,11,,$3.772,$7.000,"0,19",,"0,86",$0
Tarro Guardian pequeño  300 ml,Allers $2288,,,0,0,ALLERS,,2,,$2.288,$4.000,"0,19",,"0,75",$0
TARRO PORCIONAR ACRILICO CUBETA PEQUEÑO 60gr,,,,0,,centro otorgo,,,,$614,$5.000,,,,
TARRO PORCIONAR NEOFOIL kooliner 33gr,,,,0,,centro otorgo,,,,$282,,,,,
TAZA CAUCHO EXTRA GRANDE 130X96MM,249008,,,0,0,Masterdent ,,,,$7.889,$15.000,,,"0,90",$0
TAZA CAUCHO GRANDE COLORES SURTIDOS ,zendert 5333 aquiles 4879 dyma 3451,,,,0,ZENDENT AQUILES DYMA,,VERDE 10 azul 9 ,,$3.451,$12.000,,,"2,48",$0
TAZA CAUCHO GRANDE MASTERDENT 130X86MM,249002,,,0,0,Masterdent ,,0,,$7.379,$12.000,,,"0,63",$0
TAZA CAUCHO PEQUEÑA,zendent $3808 dyma 3094 aquiles 3570,,,,0,ZENDENT AQUILES DYMA,,VERDE 13 AZUL 6 rojo 6,,$3.094,$8.000,,,"1,59",$0
TAZA CAUCHO PEQUEÑA MASTERDENT,249001,,,0,0,Masterdent ,,,,$4.467,$7.000,,,"0,57",$0
TAZA CAUCHO SILICONADO PEQUENA 108X59MM,249001,,,,,zendent masterdent New Stetic ,0,,,$5.802,$7.000,,,"0,21",$0
Tela de Caucho BORRACHA AZUL,,,,0,0,DAZA,,,,$30.940,$45.000,,,"0,45",$0
TELA De Caucho COLTENE morada ,,,,0,0,ultradental,,0,,$270.000,$330.000,,,"0,22",$0
Tela de Caucho Lencol  26 unidades CAJA,,,,0,0,CLAUDIA,,,,$22.400,$42.000,,,"0,88",$0
Tela de Caucho NICTONE 5 X 5 ,,,,0,0,DAZA,,0,,$70.210,$88.000,,$75.000,"0,25",$0
Tela de Caucho NICTONE 6 X 6 ,,,,0,0,DAZA,,0,,$70.210,$88.000,,$78.000,"0,25",$0
Tela de Caucho SANTUARY 6 X 6 ,,,,0,,DAZA - ramon ,,,,$40.460,$54.000,,$48.000,"0,33",$0
TEMBOND CAJA UNIDOSIS X CAJA COMPLETA ,,,,2,0,DAZA Pluss Dent,1,2,,$185.000,$240.000,EXC,,"0,30",$0
TEMBOND kerr CAJA X UNIDOSIS UNIDAD ,31973,,,0,0,DAZA Pluss Dent,0,3,,$3.700,$6.000,EXC,,"0,62",$0
TEMBOND NE kerr ESTUCHE  X CAJA (2 TUBOS),29676,,,0,0,DAZA Pluss Dent,1,3,,$106.000,$130.000,EXC,,"0,23",$0
Temposil ,,,,0,0,ultradental,,0,,$122.000,$160.000,,,"0,31",$0
TERMOFORMADORA VACUUM BAJA PLACA ,aquiles $400,,,0,0,Aquiles masdental HECTOR ,,1,,$480.000,$750.000,,,"0,56",$0
TETRIC CERAM BLEACH XL JERINGA X3.5G,euro $109081,,,0,0,masdental emma EURODENT,,0,,$109.081,$155.000,,$120.000,"0,42",$0
TETRIC CERAM BULK IVA JERINGA,emma $120 masdental $129900 euro $107614,,,0,0,masdental emma EURODENT,,1,,$113.000,$170.000,,,"0,50",$0
TETRIC FLOW BULK IVA JERINGA,euro 71470,,,0,3,masdental emma EURODENT,,0,,$71.470,$100.000,,,"0,40",$214.410
Tetric N flow A1,EURO 67326,,,0,0,masdental emma EURODENT,,2,07-2027,$71.470,$100.000,,,"0,40",$0
Tetric N flow bleach L,descontinuada,,,0,0,masdental emma EURODENT,,2,,$71.470,$100.000,,,"0,40",$0
Tetric N flow Bulk IVA,,,,0,2,masdental emma EURODENT,,0,,$71.470,$100.000,,,"0,40",$142.940
Thera BASE Bisco,,,,,,JULVIDENT bisco,,0,,$300.000,$350.000,,,"0,17",$0
Thera CAL  Bisco,promo $81600 mayo/25,,,,81600,JULVIDENT bisco,,1,04-2026,$96.000,$125.000,EXC,$110.000,"0,30",$7.833.600.000
Thera CEM Bisco,,en promo se compro a $289167,,,,JULVIDENT bisco,,0,12-2025,$315.455,$390.000,,$295.000,"0,24",$0
Tijera Recta para Tejido instrumental DELTA ,S511.5cm,,,0,,DELTA ,0,,,$49.210,$95.000,,,"0,93",$0
Tinte empress direct color azul,,,,0,0,masdental emma EURODENT,,0,,$90.300,$140.000,,,"0,55",$0
Tinte empress direct color Blanco,emma $110,,,0,0,masdental emma EURODENT,,1,,$90.300,$140.000,,,"0,55",$0
Tinte empress direct color ocre,emma $110,,,0,0,masdental emma EURODENT,,0,,$90.300,$140.000,,,"0,55",$0
Tira de lija metalica ADACO, ,,,0,20,Aquiles,,11,,$18.088,$27.000,,$23.000,"0,49",$361.760
Tira de lija metalica FABA,"(ENE/25) DAZA $ 11781 //MUELA $10,546",,,0,20,la muela DAZA,,78,,$13.601,$22.000,,,"0,62",$272.010
Tira de lija metalica MICRODONT, ,,,,,NEW STETIC,0,,,$14.756,$22.000,"1,19",,"0,49",$0
Tira de lija metalica TDV, ,,,0,0,ABRAHAM,,1,,$23.000,$28.000,,,"0,22",$0
Tira de poliester papel ,,walbin,,,,RAMON aquiles new stetic,0,,,$20.825,$27.000,"1,19",$25.000,"0,30",$0
Tiras de millar x 50 und milar PROQUIDENT,,,,,,PROQUIDENT,,18,,$8.706,$12.000,,,"0,38",$0
tiza croma ROMA id barra x 56 gr.,,,,0,3,MARLENY,,0,,$3.700,$8.000,,,"1,16",$11.100
Tiza verde cilindro ZAM pasta pulir laboratorio,,,,,,Mas dental,,,,$23.300,$32.000,,,"0,37",$0
toalla 30 x 30 ,,,,0,0,BIOSALUD,,50,,$1.100,$2.000,,,"0,82",$0
Toalla de papel favorita scott PACA X 24 unidades,,,,0,0,tropicali - limpiahogar,,7,,$2.181,$3.000,,,"0,38",#REF!
Top Seal dentsplay ,,,,0,,RAMON,,,,$170.000,$210.000,,,"0,24",$0
Topex de caucho para endodoncia x 60 unidades,aquiles x100 $16922 RAMON $17498,,,0,,AQUILES ramon ,,,,$3.570,$5.000,,,"0,40",$0
Topsensy desensibilizante dental 5 ml dentofar,,,,0,0,Prodont ,,2,,$22.688,$32.000,,,"0,41",$0
Tornillo para dientes de modelo ivorina,,,,0,0,JORGE DYMA,,,,$119,$1.000,,,"7,40",$0
TORNILLOS MARIPOSA PARA SIMULADOR MUFLA,,,,0,0,Ferreteria,,50,,$453,$12.000,,,,
tubos ortodoncia 16,ortho prof $500,,,0,0,DAZA PADILLA ortho professional,,18,,$900,$2.000,,,"1,22",$0
tubos ortodoncia 17,ortho prof $500,,,0,0,DAZA PADILLA,,22,,$900,$2.000,,,"1,22",$0
tubos ortodoncia 26,ortho prof $500,,,0,0,DAZA PADILLA,,20,,$900,$2.000,,,"1,22",$0
tubos ortodoncia 27,ortho prof $500,,,0,0,DAZA PADILLA,,18,,$900,$2.000,,,"1,22",$0
tubos ortodoncia 36,ortho prof $500,,,0,0,DAZA PADILLA,,21,,$900,$2.000,,,"1,22",$0
tubos ortodoncia 37,ortho prof $500,,,0,0,DAZA PADILLA,,20,,$900,$2.000,,,"1,22",$0
tubos ortodoncia 46,ortho prof $500,,,0,0,DAZA PADILLA,,27,,$900,$2.000,,,"1,22",$0
tubos ortodoncia 47,ortho prof $500,,,0,0,DAZA PADILLA,,22,,$900,$2.000,,,"1,22",$0
Tuerca para pieza de alta,,,,0,,RAMON,,,,$5.000,$15.000,,,"2,00",$0
ule -  HULE ,,,,0,0,calipso ,,NEGRO 34 BLANCO 35 AZUL 24 GRIS 13,,$1.395,$3.500,,,"1,51",#REF!
UNIDAD ODONTOLOGICA SILLA,,,,0,,RAMON ,,,,$1,$1,,,"0,00",$0
Variolink Esthetic ligth  de 2gm VIVADENT IVOCLAR,ema 230 eurodent $211387,,,0,0,masdental emma EURODENT,,0,,$221.900,$280.000,,,"0,26",$0
Variolink Esthetic ligth + de 2gm VIVADENT IVOCLAR,ema 230 eurodent $211387,,,0,2,masdental emma EURODENT,,0,10-2027,$221.900,$280.000,,,"0,26",$443.800
Variolink Esthetic neutral 2gm VIVADENT IVOCLAR,ema 230 eurodent $211387,,,0,2,masdental emma EURODENT,,0,,$221.900,$280.000,,$220.000,"0,26",$443.800
Variolink NLC BLEACH XL,ema 185,,,0,0,masdental emma EURODENT,,2,12-2025,$162.500,$230.000,,$220.000,"0,42",$0
Variolink NLC+1 de 1.5 gm  VIVADENT IVOCLAR,,,,0,0,masdental emma EURODENT,,1,09-2025,$162.500,$230.000,,$220.000,"0,42",$0
Variolink NLC+2 de 1.5 gm  VIVADENT IVOCLAR,,,,0,0,masdental emma EURODENT,,0,,$162.500,$230.000,,,,
varios ,,,,0,,CENTRO,,,,$1,$1,,,"0,00",$0
varios ,,,,0,,CENTRO HOYOSTOOL,,,,$1,$1,,,"0,00",$0
varios  Hoja milimetrada,,,,0,,CENTRO HOYOSTOOL,,,,$6.000,$1.000,,,"-0,83",$0
VARIOS candado grande para puerta exterior,,,,0,,CENTRO hoyos tool,,,,$29.000,$30.000,,,N/V,$0
varios CINTA METRICA,,,,0,,CENTRO hoyos tool,,,,$1.250,$2.000,,,"0,60",$0
Vaselina pura 24 gm ,,,,0,,CENTRO 40mil,,,,$900,$1.500,,,"0,67",$0
Vaso dappen grande silicona, AQUILES $3451 dyma $2500,,revisar colores,0,20,Jorge upegui aquiles DYMA,,17,,$2.501,$5.000,,,"1,00",$50.020
"VASO DAPPEN METALICO INSTRUMENTAL (delgado, NO el pesado)",,,,0,,RAMON - AQUILES,,,,$1.550,$8.000,,,"4,16",$0
Vaso dappen pequeño silicona,upegui 1400 ,,revisar colores,0,20,Jorge upegui aquiles DYMA,,50,,$2.261,$4.000,,$3.000,"0,77",$45.220
Vaso economico (Domingo) 7 onzas x 50 vasos,,,,0,0,tropicali - limpiahogar,,revisar,,$1.359,$2.500,,,"0,84",$0
Vaso economico 3.5 onzas x 50  vasos ,,,,0,,CENTRO - tropicali ,,,,$1.040,$3.000,,,"1,88",$0
vaso hermetico 300 ml,,,,0,0,PERSAL CENTRO- LA 15- la 13 ,0,5,,$4.000,$6.000,,,"0,50",$0
VASO METALICO GRANDE INSTRUMENTAL,,,,0,,CENTRO CRISTALERIA ,,,,$5.000,$10.000,,,"1,00",$0
VASO METALICO PEQUEÑO INSTRUMENTAL,,,,0,,CENTRO CRISTALERIA ,,,,$5.000,$8.000,,,"0,60",$0
Vaso silicona con tapa,,,,0,0,CLAUDIA,,,,$11.520,$20.000,,,"0,74",$0
VASOS DAPPEN EN VIDRIO  CAJA X 10,249003,Ramon $3000  ABRAH $3500  AQUIL $2487 dyma $2975  dentamrt $2600,,60,40,ramon abraham Masterdent aquiles jorge quirudent dyma DTM,,,,$3.484,$5.000,,,"0,44",$139.360
VERABOND II LABORATORIO,DYMA ,,,0,,ramon  DYMA,,,,$6.322,$9.000,,,"0,42",$0
VIBRADOR GRANDE/PLASTER MODEL VIBRATOR,247006,,,0,0,Masterdent,,,,$230.000,$345.000,,,"0,50",$0
VIBRADOR PEQUEÑO/ PLASTER MODEL VIBRATOR,247005,,,0,0,Masterdent,,,,$130.000,$195.000,,,"0,50",$0
VIOSEAL SPIDENT ADSEAL ,, ,,0,0,SOCCIDENTALES,,1,,$106.480,$142.000,EXC,,"0,33",$0
visalys temp visacril PANASIL,,,,,,JULVIDENT panasil,,0,,$445.280,$500.000,,,"0,12",$0
VISOR CON LUPA SIN LUZ ESTUCHE GRIS,,,,0,0,IMPORTADO,,1,,,$420.000,,,,
Visores  la u CARLOS DUQUE,,,,0,0,DENTAL LA U,,19,,$18.000,$28.000,,,"0,56",$0
Visores  ZENDENT,,,,0,0,zendent,,,,$7.500,$17.000,,,"1,27",$0
Vitrebon ionomero 3 m,,,,0,0,,,2,05-2025,,,,,,
vitremer o reconstructor de muñones ,,,,0,,RAMON,,,,$200.000,$245.000,,,"0,23",$0
vysalis core,,,,,,JULVIDENT ,,0,,,,,,#DIV/0!,$0
WEDJET,,,,0,,RAMON ultradental ,,,,$68.300,$75.000,,,"0,10",$0
whiteness super endo FGM diente no vital  jeringa x 3ml,antioq $95200 soccid $80206 plus $79968,,,0,0,FGM soccident,,,,$95.200,$145.000,,,"0,52",$0
WY PALL WYPALL TOALLA ABSORBENTE x 100 hojas Rollo ,,,,0,,CENTRO 40mil,,,,$28.000,$40.000,,|,"0,43",$0
Xilol prodont 15ML,,,,,,RAMON PROQUIDENT PRODONT ,,,04-2027,$7.914,$12.000,,,"0,52",$0
Xilol proquident 20ml XILODENT,,,,,,PROQUIDENT,,7,06-2026,$6.320,$12.000,,,"0,90",$0
Yeso tipo 3 ortodoncia blanco por libra,,,,0,0,MULTILAB,,244,,$2.400,$7.000,,,"1,92",$0
Yeso tipo 3 Piedra beige por libra,,,,0,0,MULTILAB,,268,,$4.900,$7.000,,,"0,43",$0
Yeso tipo 4 ROSADO por libra,,,,0,0,MULTILAB,,53,,$5.200,$8.000,,,"0,54",$0
Yeso tipo MONTAJE por libra,,,,0,0,MULTILAB,,77,,$7.900,$10.000,,,"0,27",$0
YESO WHIPMIX  X 70 GR MOUNTING STONE ,OK,,,0,0,Biodentales,,,,$2.309,$3.500,,,"0,52",$0
YESO WHIPMIX  X LB 500 GR MOUNTING STONE,,,,99,0,Biodentales,,,,$14.939,$18.000,,$16.000,"0,20",$0
Yeso WHIPMIX TIPO 2 X 100 GR LABORATORY PLASTER ,OK,,,0,0,Biodentales,,,,$2.156,$3.500,,,"0,62",$0
Yeso WHIPMIX TIPO 2 X Lb 500 LABORATORY PLASTER ,,,,0,0,Biodentales,,,,$9.765,$15.000,,$16.000,"0,54",$0
YESO WHIPMIX TIPO 3 X 100 GR QUICKSTONE (AMARILLO),OK,,,0,0,Biodentales,,,,$2.562,$3.500,,,"0,37",$0
YESO WHIPMIX TIPO 3 X LB 500 GR QUICKSTONE (AMARILLO),,,,33,0,Biodentales,,,,$11.602,$18.000,,$16.000,"0,55",$0
YESO WHIPMIX TIPO 4 LB X 500 GR SILKY ROCK (ROSADO),,,,0,0,Biodentales,,,,$12.498,$18.000,,$16.000,"0,44",$0
YESO WHIPMIX TIPO 4 X 100 GR SILKY ROCK (ROSADO),OK,,,0,0,Biodentales,,,,$2.759,$3.500,,,"0,27",$0
YESO WHIPMIX TIPO 5 LB X 500GR jadestone VERDE,,,,33,0,Biodentales,,,,$13.530,$18.000,,$16.000,"0,33",$0
YESO WHIPMIX TIPO 5 X 100 GR (VERDE)  jadestone,OK,,,0,0,Biodentales,,,,$2.987,$3.500,,,"0,17",$0
YODOPOVIDONA Isodine Espuma   x 60 ml rojo,,,,0,,CENTRO 40mil  ,,,,$9.600,$15.000,,,"0,56",$0
YODOPOVIDONA Isodine Solucion  x 60 ml verde,,,,0,,CENTRO 40mil  ,,,06-2026,$10.250,$13.000,,,"0,27",$0
Yopovidona bucofaringeo 10 % x 60 ml azul,,,,0,,CENTRO 40mil ,,,,$9.600,$15.000,exc,,"0,56",$0
Z PRIME  z-prime 2 ML BISCO,promo $144500 mayo/25,en promo se compro a $133334,,,,JULVIDENT bisco,,19,07-205,$160.000,$210.000,,$170.000,"0,31",$0
zirclean bisco ,promo $86.700 mayo/25,,,,,JULVIDENT bisco,,1,01-2026,$96.000,$130.000,,$95.000,"0,35",$0
GRAMERA DIGITAL caja azul,,,,0,0,centro HOYOSTOOL,,,,,$45.000,,,,
GRAMERA DIGITAL pequeña,,,,0,0,centro HOYOSTOOL,,,,,$35.000,,,,